user_id,date,sleep_h,sleep_quality,resting_hr,hrv,trained,total_sets,failure_sets,total_rir,cal_deficit_pct,protein_pct,carbs_pct,fat_pct,stress,motivation,soreness,water_intake_l,split_type,muscle_groups,age,sex,height,weight,goal,activity_level,recovery_rating
4b1fb64a-0dec-45a5-a5c8-1ff1a9441221,2025-05-15,8.0,5.0,52.0,74.2,0,0.0,0.0,19.0,-0.15,144.0,144.0,112.0,5.0,2.0,4.0,2.6,cardio,"[""Cardio""]",45,Female,198,88.8,cutting,low,74
4b1fb64a-0dec-45a5-a5c8-1ff1a9441221,2025-05-16,8.0,5.0,70.0,67.8,0,0.0,0.0,0.0,0.03,125.0,121.0,97.0,3.0,5.0,4.0,1.9,cardio,"[""Cardio""]",45,Female,198,88.8,cutting,low,71
4b1fb64a-0dec-45a5-a5c8-1ff1a9441221,2025-05-17,8.0,4.0,65.0,69.2,0,0.0,0.0,0.0,-0.2,118.0,100.0,81.0,5.0,4.0,1.0,1.5,cardio,"[""Cardio""]",45,Female,198,88.8,cutting,low,74
4b1fb64a-0dec-45a5-a5c8-1ff1a9441221,2025-05-18,8.0,4.0,58.0,55.4,0,0.0,0.0,8.0,0.19,136.0,148.0,104.0,2.0,1.0,5.0,2.9,cardio,"[""Cardio""]",45,Female,198,88.8,cutting,low,67
4b1fb64a-0dec-45a5-a5c8-1ff1a9441221,2025-05-19,10.0,4.0,65.0,50.3,1,16.0,5.0,10.0,0.07,111.0,119.0,96.0,5.0,2.0,4.0,2.8,cardio,"[""Cardio""]",45,Female,198,88.8,cutting,low,73
4b1fb64a-0dec-45a5-a5c8-1ff1a9441221,2025-05-20,10.0,4.0,69.0,50.5,0,0.0,0.0,21.0,0.05,107.0,101.0,107.0,5.0,5.0,4.0,1.7,cardio,"[""Cardio""]",45,Female,198,88.8,cutting,low,60
4b1fb64a-0dec-45a5-a5c8-1ff1a9441221,2025-05-21,7.0,4.0,55.0,60.4,1,13.0,11.0,8.0,0.07,117.0,145.0,118.0,2.0,2.0,1.0,4.1,cardio,"[""Cardio""]",45,Female,198,88.8,cutting,low,67
4b1fb64a-0dec-45a5-a5c8-1ff1a9441221,2025-05-22,9.0,4.0,66.0,57.5,0,0.0,0.0,1.0,-0.13,135.0,96.0,113.0,4.0,2.0,5.0,3.7,cardio,"[""Cardio""]",45,Female,198,88.8,cutting,low,74
4b1fb64a-0dec-45a5-a5c8-1ff1a9441221,2025-05-23,10.0,4.0,60.0,78.0,1,2.0,2.0,4.0,-0.13,135.0,138.0,107.0,2.0,3.0,5.0,3.9,cardio,"[""Cardio""]",45,Female,198,88.8,cutting,low,72
4b1fb64a-0dec-45a5-a5c8-1ff1a9441221,2025-05-24,10.0,5.0,62.0,56.5,0,0.0,0.0,29.0,0.2,146.0,117.0,100.0,2.0,1.0,4.0,2.1,cardio,"[""Cardio""]",45,Female,198,88.8,cutting,low,67
4b1fb64a-0dec-45a5-a5c8-1ff1a9441221,2025-05-25,10.0,5.0,51.0,57.8,1,17.0,4.0,12.0,-0.09,130.0,114.0,104.0,2.0,5.0,2.0,2.3,cardio,"[""Cardio""]",45,Female,198,88.8,cutting,low,63
4b1fb64a-0dec-45a5-a5c8-1ff1a9441221,2025-05-26,9.0,4.0,52.0,72.8,0,0.0,0.0,9.0,0.12,118.0,116.0,88.0,4.0,4.0,1.0,3.4,cardio,"[""Cardio""]",45,Female,198,88.8,cutting,low,66
4b1fb64a-0dec-45a5-a5c8-1ff1a9441221,2025-05-27,7.0,4.0,58.0,75.6,1,14.0,9.0,17.0,0.07,134.0,123.0,96.0,3.0,2.0,3.0,2.7,cardio,"[""Cardio""]",45,Female,198,88.8,cutting,low,75
4b1fb64a-0dec-45a5-a5c8-1ff1a9441221,2025-05-28,9.0,4.0,66.0,67.9,0,0.0,0.0,1.0,-0.19,122.0,131.0,109.0,2.0,3.0,4.0,2.0,cardio,"[""Cardio""]",45,Female,198,88.8,cutting,low,70
4b1fb64a-0dec-45a5-a5c8-1ff1a9441221,2025-05-29,8.0,5.0,53.0,64.8,1,11.0,7.0,24.0,-0.14,144.0,138.0,96.0,3.0,3.0,5.0,2.4,cardio,"[""Cardio""]",45,Female,198,88.8,cutting,low,68
4b1fb64a-0dec-45a5-a5c8-1ff1a9441221,2025-05-30,8.0,5.0,66.0,71.2,0,0.0,0.0,25.0,0.2,108.0,119.0,105.0,4.0,1.0,5.0,3.9,cardio,"[""Cardio""]",45,Female,198,88.8,cutting,low,74
4b1fb64a-0dec-45a5-a5c8-1ff1a9441221,2025-05-31,9.0,4.0,67.0,59.4,1,6.0,1.0,15.0,0.05,135.0,143.0,107.0,5.0,5.0,2.0,4.5,cardio,"[""Cardio""]",45,Female,198,88.8,cutting,low,60
4b1fb64a-0dec-45a5-a5c8-1ff1a9441221,2025-06-01,8.0,5.0,63.0,52.1,0,0.0,0.0,13.0,-0.02,139.0,98.0,98.0,4.0,2.0,3.0,2.8,cardio,"[""Cardio""]",45,Female,198,88.8,cutting,low,77
4b1fb64a-0dec-45a5-a5c8-1ff1a9441221,2025-06-02,7.0,4.0,65.0,60.9,1,15.0,2.0,8.0,0.01,111.0,148.0,112.0,2.0,4.0,5.0,2.5,cardio,"[""Cardio""]",45,Female,198,88.8,cutting,low,72
4b1fb64a-0dec-45a5-a5c8-1ff1a9441221,2025-06-03,10.0,5.0,57.0,73.3,0,0.0,0.0,23.0,0.18,129.0,105.0,94.0,2.0,3.0,2.0,3.3,cardio,"[""Cardio""]",45,Female,198,88.8,cutting,low,71
679f41ae-45f5-4e09-a3cf-b6c38afc1425,2025-05-04,8.0,4.0,65.0,63.9,0,0.0,0.0,0.0,0.15,119.0,112.0,81.0,2.0,2.0,3.0,4.2,cardio,"[""Cardio""]",19,Male,160,63.2,cutting,high,72
679f41ae-45f5-4e09-a3cf-b6c38afc1425,2025-05-05,7.0,4.0,63.0,73.6,0,0.0,0.0,5.0,-0.18,120.0,136.0,97.0,3.0,2.0,5.0,2.8,cardio,"[""Cardio""]",19,Male,160,63.2,cutting,high,60
679f41ae-45f5-4e09-a3cf-b6c38afc1425,2025-05-06,9.0,5.0,68.0,77.2,0,0.0,0.0,4.0,0.04,116.0,127.0,95.0,3.0,4.0,5.0,4.2,cardio,"[""Cardio""]",19,Male,160,63.2,cutting,high,63
679f41ae-45f5-4e09-a3cf-b6c38afc1425,2025-05-07,7.0,5.0,50.0,63.6,1,9.0,8.0,27.0,0.13,103.0,111.0,96.0,3.0,4.0,3.0,3.0,cardio,"[""Cardio""]",19,Male,160,63.2,cutting,high,75
679f41ae-45f5-4e09-a3cf-b6c38afc1425,2025-05-08,8.0,4.0,51.0,55.3,1,15.0,13.0,13.0,0.01,137.0,132.0,83.0,2.0,3.0,4.0,3.5,cardio,"[""Cardio""]",19,Male,160,63.2,cutting,high,68
679f41ae-45f5-4e09-a3cf-b6c38afc1425,2025-05-09,7.0,4.0,53.0,70.2,0,0.0,0.0,13.0,-0.02,131.0,81.0,115.0,1.0,2.0,3.0,2.9,cardio,"[""Cardio""]",19,Male,160,63.2,cutting,high,72
679f41ae-45f5-4e09-a3cf-b6c38afc1425,2025-05-10,9.0,4.0,70.0,76.7,1,20.0,12.0,18.0,0.04,109.0,103.0,91.0,4.0,2.0,5.0,3.4,cardio,"[""Cardio""]",19,Male,160,63.2,cutting,high,76
679f41ae-45f5-4e09-a3cf-b6c38afc1425,2025-05-11,10.0,5.0,51.0,65.8,0,0.0,0.0,21.0,-0.14,90.0,117.0,112.0,4.0,2.0,4.0,3.2,cardio,"[""Cardio""]",19,Male,160,63.2,cutting,high,80
679f41ae-45f5-4e09-a3cf-b6c38afc1425,2025-05-12,8.0,4.0,53.0,71.5,1,20.0,6.0,0.0,0.16,113.0,109.0,118.0,4.0,4.0,2.0,2.2,cardio,"[""Cardio""]",19,Male,160,63.2,cutting,high,65
679f41ae-45f5-4e09-a3cf-b6c38afc1425,2025-05-13,7.0,5.0,59.0,53.9,1,10.0,0.0,29.0,0.1,106.0,139.0,86.0,3.0,2.0,5.0,4.0,cardio,"[""Cardio""]",19,Male,160,63.2,cutting,high,61
679f41ae-45f5-4e09-a3cf-b6c38afc1425,2025-05-14,7.0,4.0,65.0,77.6,0,0.0,0.0,18.0,-0.11,113.0,149.0,110.0,1.0,3.0,5.0,2.9,cardio,"[""Cardio""]",19,Male,160,63.2,cutting,high,79
679f41ae-45f5-4e09-a3cf-b6c38afc1425,2025-05-15,10.0,5.0,66.0,71.7,1,18.0,16.0,28.0,0.01,120.0,140.0,88.0,3.0,5.0,3.0,2.7,cardio,"[""Cardio""]",19,Male,160,63.2,cutting,high,75
679f41ae-45f5-4e09-a3cf-b6c38afc1425,2025-05-16,9.0,5.0,59.0,50.5,1,6.0,3.0,5.0,-0.01,117.0,145.0,95.0,4.0,2.0,2.0,4.0,cardio,"[""Cardio""]",19,Male,160,63.2,cutting,high,66
679f41ae-45f5-4e09-a3cf-b6c38afc1425,2025-05-17,8.0,4.0,69.0,67.4,0,0.0,0.0,3.0,0.19,137.0,96.0,114.0,4.0,4.0,4.0,4.4,cardio,"[""Cardio""]",19,Male,160,63.2,cutting,high,71
679f41ae-45f5-4e09-a3cf-b6c38afc1425,2025-05-18,8.0,5.0,55.0,62.1,1,18.0,5.0,26.0,-0.15,128.0,101.0,86.0,2.0,1.0,5.0,3.8,cardio,"[""Cardio""]",19,Male,160,63.2,cutting,high,70
679f41ae-45f5-4e09-a3cf-b6c38afc1425,2025-05-19,10.0,4.0,50.0,72.9,0,0.0,0.0,22.0,0.18,102.0,89.0,111.0,2.0,1.0,2.0,1.8,cardio,"[""Cardio""]",19,Male,160,63.2,cutting,high,63
679f41ae-45f5-4e09-a3cf-b6c38afc1425,2025-05-20,7.0,5.0,57.0,74.8,1,15.0,11.0,1.0,-0.02,106.0,143.0,100.0,4.0,1.0,3.0,2.1,cardio,"[""Cardio""]",19,Male,160,63.2,cutting,high,72
679f41ae-45f5-4e09-a3cf-b6c38afc1425,2025-05-21,10.0,4.0,55.0,70.6,1,11.0,6.0,12.0,0.02,129.0,94.0,119.0,5.0,5.0,1.0,4.3,cardio,"[""Cardio""]",19,Male,160,63.2,cutting,high,60
679f41ae-45f5-4e09-a3cf-b6c38afc1425,2025-05-22,9.0,5.0,67.0,78.8,0,0.0,0.0,15.0,-0.13,118.0,102.0,96.0,5.0,4.0,2.0,3.6,cardio,"[""Cardio""]",19,Male,160,63.2,cutting,high,64
679f41ae-45f5-4e09-a3cf-b6c38afc1425,2025-05-23,7.0,4.0,63.0,59.7,1,9.0,8.0,11.0,0.08,115.0,117.0,91.0,2.0,2.0,5.0,3.5,cardio,"[""Cardio""]",19,Male,160,63.2,cutting,high,68
b6483d87-0790-47e9-827e-0bb06f22695f,2025-04-19,8.0,4.0,63.0,78.5,1,2.0,0.0,26.0,0.16,92.0,116.0,81.0,3.0,2.0,2.0,3.0,mixed,"[""Cardio"", ""Chest""]",38,Male,154,67.6,bulking,low,66
b6483d87-0790-47e9-827e-0bb06f22695f,2025-04-20,8.0,4.0,51.0,53.4,0,0.0,0.0,29.0,0.06,127.0,133.0,86.0,2.0,3.0,2.0,3.0,mixed,"[""Cardio"", ""Chest""]",38,Male,154,67.6,bulking,low,79
b6483d87-0790-47e9-827e-0bb06f22695f,2025-04-21,10.0,4.0,69.0,54.8,0,0.0,0.0,9.0,-0.08,138.0,95.0,97.0,3.0,1.0,4.0,2.1,mixed,"[""Cardio"", ""Chest""]",38,Male,154,67.6,bulking,low,61
b6483d87-0790-47e9-827e-0bb06f22695f,2025-04-22,8.0,5.0,51.0,58.0,1,16.0,13.0,13.0,-0.08,136.0,141.0,111.0,4.0,4.0,2.0,4.0,mixed,"[""Cardio"", ""Chest""]",38,Male,154,67.6,bulking,low,64
b6483d87-0790-47e9-827e-0bb06f22695f,2025-04-23,7.0,4.0,67.0,70.1,1,0.0,0.0,2.0,-0.12,127.0,123.0,83.0,5.0,4.0,4.0,2.5,mixed,"[""Cardio"", ""Chest""]",38,Male,154,67.6,bulking,low,72
b6483d87-0790-47e9-827e-0bb06f22695f,2025-04-24,9.0,5.0,50.0,76.2,0,0.0,0.0,30.0,-0.12,121.0,121.0,95.0,2.0,3.0,5.0,3.1,mixed,"[""Cardio"", ""Chest""]",38,Male,154,67.6,bulking,low,70
b6483d87-0790-47e9-827e-0bb06f22695f,2025-04-25,7.0,5.0,50.0,71.1,0,0.0,0.0,5.0,0.03,127.0,142.0,106.0,5.0,5.0,4.0,3.9,mixed,"[""Cardio"", ""Chest""]",38,Male,154,67.6,bulking,low,72
b6483d87-0790-47e9-827e-0bb06f22695f,2025-04-26,10.0,5.0,67.0,50.8,0,0.0,0.0,0.0,-0.01,129.0,98.0,86.0,5.0,4.0,4.0,2.4,mixed,"[""Cardio"", ""Chest""]",38,Male,154,67.6,bulking,low,64
b6483d87-0790-47e9-827e-0bb06f22695f,2025-04-27,9.0,5.0,63.0,53.0,0,0.0,0.0,20.0,-0.08,116.0,90.0,101.0,3.0,4.0,5.0,2.9,mixed,"[""Cardio"", ""Chest""]",38,Male,154,67.6,bulking,low,78
b6483d87-0790-47e9-827e-0bb06f22695f,2025-04-28,7.0,5.0,64.0,67.1,0,0.0,0.0,28.0,-0.07,145.0,141.0,86.0,4.0,2.0,3.0,1.5,mixed,"[""Cardio"", ""Chest""]",38,Male,154,67.6,bulking,low,73
b6483d87-0790-47e9-827e-0bb06f22695f,2025-04-29,8.0,4.0,63.0,63.9,0,0.0,0.0,13.0,0.07,125.0,128.0,104.0,4.0,5.0,2.0,3.9,mixed,"[""Cardio"", ""Chest""]",38,Male,154,67.6,bulking,low,66
b6483d87-0790-47e9-827e-0bb06f22695f,2025-04-30,8.0,4.0,61.0,70.5,1,3.0,0.0,14.0,-0.08,130.0,143.0,83.0,2.0,3.0,1.0,2.9,mixed,"[""Cardio"", ""Chest""]",38,Male,154,67.6,bulking,low,70
b6483d87-0790-47e9-827e-0bb06f22695f,2025-05-01,9.0,5.0,63.0,78.9,1,12.0,3.0,2.0,0.04,133.0,118.0,107.0,3.0,4.0,3.0,2.8,mixed,"[""Cardio"", ""Chest""]",38,Male,154,67.6,bulking,low,75
b6483d87-0790-47e9-827e-0bb06f22695f,2025-05-02,10.0,4.0,61.0,54.8,0,0.0,0.0,12.0,-0.15,115.0,101.0,96.0,3.0,1.0,2.0,2.6,mixed,"[""Cardio"", ""Chest""]",38,Male,154,67.6,bulking,low,73
b6483d87-0790-47e9-827e-0bb06f22695f,2025-05-03,9.0,4.0,66.0,61.3,1,8.0,5.0,9.0,0.14,126.0,137.0,115.0,5.0,4.0,5.0,2.4,mixed,"[""Cardio"", ""Chest""]",38,Male,154,67.6,bulking,low,64
b6483d87-0790-47e9-827e-0bb06f22695f,2025-05-04,7.0,5.0,60.0,71.7,0,0.0,0.0,26.0,-0.05,118.0,131.0,117.0,1.0,5.0,4.0,4.0,mixed,"[""Cardio"", ""Chest""]",38,Male,154,67.6,bulking,low,72
b6483d87-0790-47e9-827e-0bb06f22695f,2025-05-05,7.0,4.0,69.0,74.5,1,20.0,6.0,28.0,0.11,121.0,141.0,99.0,5.0,1.0,2.0,4.2,mixed,"[""Cardio"", ""Chest""]",38,Male,154,67.6,bulking,low,78
b6483d87-0790-47e9-827e-0bb06f22695f,2025-05-06,10.0,5.0,69.0,64.5,0,0.0,0.0,24.0,-0.02,92.0,142.0,90.0,2.0,2.0,3.0,2.6,mixed,"[""Cardio"", ""Chest""]",38,Male,154,67.6,bulking,low,63
b6483d87-0790-47e9-827e-0bb06f22695f,2025-05-07,9.0,4.0,55.0,52.5,0,0.0,0.0,4.0,-0.11,142.0,118.0,100.0,4.0,4.0,1.0,3.3,mixed,"[""Cardio"", ""Chest""]",38,Male,154,67.6,bulking,low,74
b6483d87-0790-47e9-827e-0bb06f22695f,2025-05-08,8.0,5.0,65.0,58.1,1,4.0,2.0,4.0,0.03,138.0,93.0,106.0,3.0,4.0,5.0,3.5,mixed,"[""Cardio"", ""Chest""]",38,Male,154,67.6,bulking,low,76
5c9d57ea-e814-4538-8e68-90e13ce0d689,2025-02-11,10.0,4.0,56.0,63.8,0,0.0,0.0,3.0,-0.01,139.0,88.0,90.0,3.0,1.0,4.0,3.9,cardio,"[""Cardio""]",39,Female,200,88.5,bulking,moderate,77
5c9d57ea-e814-4538-8e68-90e13ce0d689,2025-02-12,10.0,5.0,66.0,76.6,0,0.0,0.0,16.0,-0.1,125.0,144.0,108.0,5.0,5.0,2.0,3.3,cardio,"[""Cardio""]",39,Female,200,88.5,bulking,moderate,66
5c9d57ea-e814-4538-8e68-90e13ce0d689,2025-02-13,10.0,4.0,67.0,68.5,0,0.0,0.0,26.0,-0.17,123.0,112.0,103.0,4.0,5.0,3.0,4.5,cardio,"[""Cardio""]",39,Female,200,88.5,bulking,moderate,79
5c9d57ea-e814-4538-8e68-90e13ce0d689,2025-02-14,9.0,5.0,53.0,56.6,1,7.0,3.0,18.0,0.14,114.0,113.0,85.0,3.0,4.0,4.0,1.7,cardio,"[""Cardio""]",39,Female,200,88.5,bulking,moderate,73
5c9d57ea-e814-4538-8e68-90e13ce0d689,2025-02-15,9.0,5.0,60.0,72.0,0,0.0,0.0,29.0,-0.09,111.0,82.0,119.0,3.0,3.0,5.0,2.2,cardio,"[""Cardio""]",39,Female,200,88.5,bulking,moderate,62
5c9d57ea-e814-4538-8e68-90e13ce0d689,2025-02-16,7.0,4.0,57.0,78.5,1,13.0,5.0,0.0,0.12,121.0,141.0,94.0,3.0,3.0,1.0,3.0,cardio,"[""Cardio""]",39,Female,200,88.5,bulking,moderate,66
5c9d57ea-e814-4538-8e68-90e13ce0d689,2025-02-17,7.0,4.0,63.0,68.4,1,10.0,9.0,15.0,-0.19,106.0,119.0,102.0,5.0,4.0,1.0,1.8,cardio,"[""Cardio""]",39,Female,200,88.5,bulking,moderate,69
5c9d57ea-e814-4538-8e68-90e13ce0d689,2025-02-18,9.0,4.0,56.0,51.2,1,12.0,11.0,7.0,0.2,90.0,109.0,107.0,2.0,3.0,1.0,4.5,cardio,"[""Cardio""]",39,Female,200,88.5,bulking,moderate,65
5c9d57ea-e814-4538-8e68-90e13ce0d689,2025-02-19,9.0,4.0,66.0,65.3,0,0.0,0.0,25.0,0.0,144.0,136.0,91.0,1.0,1.0,5.0,3.4,cardio,"[""Cardio""]",39,Female,200,88.5,bulking,moderate,64
5c9d57ea-e814-4538-8e68-90e13ce0d689,2025-02-20,9.0,5.0,68.0,65.5,0,0.0,0.0,21.0,-0.04,97.0,114.0,115.0,2.0,1.0,4.0,1.6,cardio,"[""Cardio""]",39,Female,200,88.5,bulking,moderate,65
5c9d57ea-e814-4538-8e68-90e13ce0d689,2025-02-21,8.0,4.0,58.0,70.4,0,0.0,0.0,7.0,-0.05,120.0,110.0,101.0,3.0,3.0,2.0,3.2,cardio,"[""Cardio""]",39,Female,200,88.5,bulking,moderate,68
5c9d57ea-e814-4538-8e68-90e13ce0d689,2025-02-22,9.0,5.0,62.0,66.7,1,12.0,4.0,15.0,0.11,114.0,126.0,108.0,4.0,4.0,3.0,3.7,cardio,"[""Cardio""]",39,Female,200,88.5,bulking,moderate,72
5c9d57ea-e814-4538-8e68-90e13ce0d689,2025-02-23,10.0,4.0,60.0,60.9,0,0.0,0.0,20.0,-0.08,135.0,98.0,113.0,3.0,2.0,4.0,2.5,cardio,"[""Cardio""]",39,Female,200,88.5,bulking,moderate,70
5c9d57ea-e814-4538-8e68-90e13ce0d689,2025-02-24,7.0,4.0,57.0,72.2,1,14.0,9.0,10.0,0.05,122.0,144.0,94.0,2.0,3.0,5.0,3.8,cardio,"[""Cardio""]",39,Female,200,88.5,bulking,moderate,67
5c9d57ea-e814-4538-8e68-90e13ce0d689,2025-02-25,8.0,5.0,66.0,68.1,0,0.0,0.0,12.0,0.02,108.0,120.0,112.0,4.0,4.0,2.0,2.1,cardio,"[""Cardio""]",39,Female,200,88.5,bulking,moderate,73
5c9d57ea-e814-4538-8e68-90e13ce0d689,2025-02-26,9.0,5.0,64.0,56.9,1,5.0,1.0,18.0,-0.12,118.0,100.0,118.0,2.0,5.0,4.0,3.0,cardio,"[""Cardio""]",39,Female,200,88.5,bulking,moderate,71
5c9d57ea-e814-4538-8e68-90e13ce0d689,2025-02-27,9.0,4.0,56.0,74.5,0,0.0,0.0,25.0,0.16,140.0,132.0,90.0,1.0,2.0,5.0,3.6,cardio,"[""Cardio""]",39,Female,200,88.5,bulking,moderate,75
5c9d57ea-e814-4538-8e68-90e13ce0d689,2025-02-28,8.0,4.0,63.0,63.0,1,11.0,6.0,5.0,-0.04,124.0,138.0,105.0,3.0,3.0,3.0,2.7,cardio,"[""Cardio""]",39,Female,200,88.5,bulking,moderate,69
5c9d57ea-e814-4538-8e68-90e13ce0d689,2025-03-01,7.0,4.0,61.0,71.6,1,13.0,10.0,14.0,0.07,115.0,133.0,97.0,5.0,2.0,4.0,4.1,cardio,"[""Cardio""]",39,Female,200,88.5,bulking,moderate,66
5c9d57ea-e814-4538-8e68-90e13ce0d689,2025-03-02,8.0,5.0,58.0,69.4,0,0.0,0.0,9.0,-0.1,131.0,118.0,101.0,2.0,3.0,2.0,2.0,cardio,"[""Cardio""]",39,Female,200,88.5,bulking,moderate,74
e114376b-9da3-41fa-b63a-366b27081549,2025-01-16,10.0,4.0,57.0,77.5,1,3.0,1.0,12.0,0.13,138.0,90.0,87.0,5.0,3.0,4.0,3.8,cardio,"[""Cardio""]",20,Female,198,69.2,bulking,high,61
e114376b-9da3-41fa-b63a-366b27081549,2025-01-17,8.0,4.0,68.0,67.7,1,9.0,3.0,30.0,-0.13,147.0,97.0,108.0,1.0,1.0,3.0,3.4,cardio,"[""Cardio""]",20,Female,198,69.2,bulking,high,60
e114376b-9da3-41fa-b63a-366b27081549,2025-01-18,9.0,5.0,63.0,77.4,1,8.0,0.0,15.0,0.03,149.0,89.0,94.0,4.0,3.0,2.0,3.1,cardio,"[""Cardio""]",20,Female,198,69.2,bulking,high,73
e114376b-9da3-41fa-b63a-366b27081549,2025-01-19,10.0,4.0,59.0,59.5,0,0.0,0.0,25.0,-0.06,113.0,122.0,85.0,5.0,4.0,4.0,1.8,cardio,"[""Cardio""]",20,Female,198,69.2,bulking,high,77
e114376b-9da3-41fa-b63a-366b27081549,2025-01-20,9.0,4.0,53.0,54.1,1,15.0,11.0,15.0,0.14,112.0,92.0,113.0,5.0,2.0,3.0,4.1,cardio,"[""Cardio""]",20,Female,198,69.2,bulking,high,74
e114376b-9da3-41fa-b63a-366b27081549,2025-01-21,9.0,5.0,62.0,72.6,0,0.0,0.0,25.0,0.19,115.0,112.0,86.0,2.0,5.0,1.0,2.9,cardio,"[""Cardio""]",20,Female,198,69.2,bulking,high,61
e114376b-9da3-41fa-b63a-366b27081549,2025-01-22,8.0,5.0,56.0,68.0,1,16.0,12.0,12.0,0.03,112.0,129.0,92.0,1.0,4.0,3.0,2.5,cardio,"[""Cardio""]",20,Female,198,69.2,bulking,high,74
e114376b-9da3-41fa-b63a-366b27081549,2025-01-23,8.0,4.0,63.0,64.1,0,0.0,0.0,23.0,0.03,97.0,117.0,91.0,3.0,1.0,3.0,4.1,cardio,"[""Cardio""]",20,Female,198,69.2,bulking,high,67
e114376b-9da3-41fa-b63a-366b27081549,2025-01-24,7.0,4.0,51.0,55.7,0,0.0,0.0,18.0,0.08,117.0,107.0,87.0,2.0,5.0,3.0,2.3,cardio,"[""Cardio""]",20,Female,198,69.2,bulking,high,80
e114376b-9da3-41fa-b63a-366b27081549,2025-01-25,7.0,4.0,68.0,72.9,0,0.0,0.0,7.0,-0.18,92.0,84.0,106.0,3.0,5.0,2.0,1.7,cardio,"[""Cardio""]",20,Female,198,69.2,bulking,high,66
e114376b-9da3-41fa-b63a-366b27081549,2025-01-26,8.0,4.0,61.0,71.3,1,14.0,4.0,17.0,0.15,107.0,118.0,92.0,3.0,5.0,1.0,3.3,cardio,"[""Cardio""]",20,Female,198,69.2,bulking,high,70
e114376b-9da3-41fa-b63a-366b27081549,2025-01-27,10.0,5.0,60.0,63.9,0,0.0,0.0,26.0,-0.06,111.0,88.0,122.0,4.0,4.0,4.0,2.4,cardio,"[""Cardio""]",20,Female,198,69.2,bulking,high,72
e114376b-9da3-41fa-b63a-366b27081549,2025-01-28,9.0,5.0,58.0,78.5,1,20.0,12.0,20.0,0.09,123.0,102.0,105.0,2.0,3.0,2.0,4.2,cardio,"[""Cardio""]",20,Female,198,69.2,bulking,high,74
e114376b-9da3-41fa-b63a-366b27081549,2025-01-29,7.0,4.0,64.0,68.7,1,12.0,9.0,6.0,-0.02,112.0,127.0,100.0,1.0,2.0,5.0,2.8,cardio,"[""Cardio""]",20,Female,198,69.2,bulking,high,68
e114376b-9da3-41fa-b63a-366b27081549,2025-01-30,8.0,4.0,55.0,70.1,0,0.0,0.0,14.0,0.13,132.0,95.0,109.0,5.0,4.0,3.0,3.6,cardio,"[""Cardio""]",20,Female,198,69.2,bulking,high,71
e114376b-9da3-41fa-b63a-366b27081549,2025-01-31,9.0,5.0,57.0,74.2,1,6.0,2.0,3.0,-0.17,99.0,140.0,94.0,3.0,4.0,3.0,3.1,cardio,"[""Cardio""]",20,Female,198,69.2,bulking,high,76
e114376b-9da3-41fa-b63a-366b27081549,2025-02-01,9.0,4.0,52.0,72.6,0,0.0,0.0,23.0,0.19,115.0,113.0,86.0,2.0,5.0,2.0,2.9,cardio,"[""Cardio""]",20,Female,198,69.2,bulking,high,62
e114376b-9da3-41fa-b63a-366b27081549,2025-02-02,8.0,5.0,59.0,66.3,1,16.0,11.0,11.0,0.05,120.0,123.0,102.0,3.0,3.0,4.0,3.7,cardio,"[""Cardio""]",20,Female,198,69.2,bulking,high,73
e114376b-9da3-41fa-b63a-366b27081549,2025-02-03,7.0,4.0,65.0,60.5,1,9.0,6.0,9.0,-0.09,108.0,116.0,111.0,5.0,2.0,5.0,1.9,cardio,"[""Cardio""]",20,Female,198,69.2,bulking,high,69
e114376b-9da3-41fa-b63a-366b27081549,2025-02-04,8.0,5.0,56.0,75.1,0,0.0,0.0,18.0,-0.03,101.0,129.0,95.0,2.0,3.0,1.0,4.4,cardio,"[""Cardio""]",20,Female,198,69.2,bulking,high,78
90381133-8f11-450a-9573-d3d90125f71d,2025-02-01,9.0,5.0,52.0,60.4,1,17.0,13.0,29.0,-0.15,135.0,130.0,98.0,5.0,3.0,4.0,3.1,mixed,"[""Cardio"", ""Chest""]",35,Male,179,63.6,bulking,moderate,69
90381133-8f11-450a-9573-d3d90125f71d,2025-02-02,9.0,4.0,60.0,67.8,0,0.0,0.0,22.0,0.12,119.0,146.0,107.0,4.0,4.0,2.0,4.1,mixed,"[""Cardio"", ""Chest""]",35,Male,179,63.6,bulking,moderate,65
90381133-8f11-450a-9573-d3d90125f71d,2025-02-03,10.0,4.0,57.0,77.1,0,0.0,0.0,8.0,0.09,129.0,128.0,115.0,2.0,4.0,2.0,2.4,mixed,"[""Cardio"", ""Chest""]",35,Male,179,63.6,bulking,moderate,76
90381133-8f11-450a-9573-d3d90125f71d,2025-02-04,7.0,5.0,65.0,63.8,0,0.0,0.0,17.0,0.11,103.0,125.0,103.0,2.0,2.0,2.0,2.3,mixed,"[""Cardio"", ""Chest""]",35,Male,179,63.6,bulking,moderate,62
90381133-8f11-450a-9573-d3d90125f71d,2025-02-05,10.0,4.0,58.0,51.9,1,5.0,0.0,17.0,-0.08,117.0,81.0,95.0,2.0,5.0,1.0,4.5,mixed,"[""Cardio"", ""Chest""]",35,Male,179,63.6,bulking,moderate,63
90381133-8f11-450a-9573-d3d90125f71d,2025-02-06,9.0,5.0,62.0,78.1,1,17.0,2.0,25.0,0.15,106.0,124.0,116.0,3.0,3.0,5.0,2.6,mixed,"[""Cardio"", ""Chest""]",35,Male,179,63.6,bulking,moderate,62
90381133-8f11-450a-9573-d3d90125f71d,2025-02-07,9.0,5.0,67.0,61.8,1,10.0,9.0,1.0,0.18,124.0,94.0,98.0,1.0,4.0,3.0,3.1,mixed,"[""Cardio"", ""Chest""]",35,Male,179,63.6,bulking,moderate,61
90381133-8f11-450a-9573-d3d90125f71d,2025-02-08,8.0,4.0,70.0,67.0,1,11.0,7.0,18.0,0.13,142.0,147.0,118.0,1.0,5.0,1.0,2.9,mixed,"[""Cardio"", ""Chest""]",35,Male,179,63.6,bulking,moderate,63
90381133-8f11-450a-9573-d3d90125f71d,2025-02-09,10.0,4.0,65.0,67.5,0,0.0,0.0,7.0,-0.11,138.0,109.0,113.0,3.0,3.0,5.0,2.5,mixed,"[""Cardio"", ""Chest""]",35,Male,179,63.6,bulking,moderate,69
90381133-8f11-450a-9573-d3d90125f71d,2025-02-10,9.0,5.0,65.0,53.5,1,4.0,3.0,1.0,0.07,142.0,122.0,115.0,2.0,3.0,2.0,1.9,mixed,"[""Cardio"", ""Chest""]",35,Male,179,63.6,bulking,moderate,74
90381133-8f11-450a-9573-d3d90125f71d,2025-02-11,9.0,5.0,61.0,64.9,1,10.0,8.0,12.0,-0.1,136.0,120.0,94.0,3.0,4.0,3.0,2.6,mixed,"[""Cardio"", ""Chest""]",35,Male,179,63.6,bulking,moderate,70
90381133-8f11-450a-9573-d3d90125f71d,2025-02-12,8.0,4.0,66.0,72.3,0,0.0,0.0,19.0,0.14,121.0,136.0,110.0,4.0,3.0,2.0,3.4,mixed,"[""Cardio"", ""Chest""]",35,Male,179,63.6,bulking,moderate,67
90381133-8f11-450a-9573-d3d90125f71d,2025-02-13,10.0,4.0,59.0,79.4,1,18.0,4.0,27.0,0.15,139.0,98.0,101.0,2.0,5.0,4.0,2.8,mixed,"[""Cardio"", ""Chest""]",35,Male,179,63.6,bulking,moderate,72
90381133-8f11-450a-9573-d3d90125f71d,2025-02-14,9.0,4.0,55.0,52.8,0,0.0,0.0,11.0,-0.05,116.0,122.0,115.0,3.0,3.0,5.0,2.1,mixed,"[""Cardio"", ""Chest""]",35,Male,179,63.6,bulking,moderate,68
90381133-8f11-450a-9573-d3d90125f71d,2025-02-15,7.0,5.0,67.0,60.1,1,7.0,3.0,4.0,0.02,125.0,105.0,108.0,4.0,2.0,2.0,4.1,mixed,"[""Cardio"", ""Chest""]",35,Male,179,63.6,bulking,moderate,66
90381133-8f11-450a-9573-d3d90125f71d,2025-02-16,8.0,5.0,64.0,77.8,1,15.0,9.0,21.0,-0.12,109.0,149.0,92.0,1.0,4.0,4.0,3.6,mixed,"[""Cardio"", ""Chest""]",35,Male,179,63.6,bulking,moderate,74
90381133-8f11-450a-9573-d3d90125f71d,2025-02-17,10.0,4.0,58.0,57.4,0,0.0,0.0,16.0,0.06,128.0,123.0,98.0,5.0,5.0,3.0,3.0,mixed,"[""Cardio"", ""Chest""]",35,Male,179,63.6,bulking,moderate,71
90381133-8f11-450a-9573-d3d90125f71d,2025-02-18,9.0,5.0,63.0,70.5,1,11.0,5.0,6.0,0.09,134.0,110.0,102.0,2.0,3.0,2.0,2.4,mixed,"[""Cardio"", ""Chest""]",35,Male,179,63.6,bulking,moderate,73
90381133-8f11-450a-9573-d3d90125f71d,2025-02-19,8.0,4.0,66.0,61.6,0,0.0,0.0,24.0,0.13,119.0,136.0,107.0,4.0,2.0,5.0,2.9,mixed,"[""Cardio"", ""Chest""]",35,Male,179,63.6,bulking,moderate,68
90381133-8f11-450a-9573-d3d90125f71d,2025-02-20,9.0,5.0,60.0,68.3,1,4.0,1.0,1.0,-0.07,141.0,112.0,96.0,1.0,4.0,2.0,4.0,mixed,"[""Cardio"", ""Chest""]",35,Male,179,63.6,bulking,moderate,75
980e7e6d-80bb-4c5d-9405-bb8be41232a4,2025-04-09,10.0,4.0,50.0,79.1,1,15.0,0.0,5.0,0.0,138.0,132.0,100.0,3.0,4.0,1.0,2.7,mixed,"[""Cardio"", ""Chest""]",45,Female,192,66.8,maintenance,high,66
980e7e6d-80bb-4c5d-9405-bb8be41232a4,2025-04-10,8.0,5.0,52.0,70.0,0,0.0,0.0,2.0,-0.11,99.0,138.0,108.0,5.0,5.0,5.0,2.1,mixed,"[""Cardio"", ""Chest""]",45,Female,192,66.8,maintenance,high,66
980e7e6d-80bb-4c5d-9405-bb8be41232a4,2025-04-11,8.0,5.0,67.0,71.4,0,0.0,0.0,4.0,0.18,141.0,93.0,113.0,4.0,3.0,5.0,2.5,mixed,"[""Cardio"", ""Chest""]",45,Female,192,66.8,maintenance,high,61
980e7e6d-80bb-4c5d-9405-bb8be41232a4,2025-04-12,10.0,5.0,62.0,77.8,1,7.0,6.0,22.0,-0.1,125.0,88.0,94.0,4.0,3.0,2.0,2.7,mixed,"[""Cardio"", ""Chest""]",45,Female,192,66.8,maintenance,high,61
980e7e6d-80bb-4c5d-9405-bb8be41232a4,2025-04-13,9.0,4.0,53.0,56.0,1,7.0,0.0,2.0,-0.04,128.0,133.0,120.0,2.0,2.0,2.0,2.5,mixed,"[""Cardio"", ""Chest""]",45,Female,192,66.8,maintenance,high,67
980e7e6d-80bb-4c5d-9405-bb8be41232a4,2025-04-14,7.0,4.0,60.0,61.7,0,0.0,0.0,22.0,0.09,123.0,142.0,90.0,1.0,1.0,1.0,2.1,mixed,"[""Cardio"", ""Chest""]",45,Female,192,66.8,maintenance,high,71
980e7e6d-80bb-4c5d-9405-bb8be41232a4,2025-04-15,10.0,5.0,64.0,57.4,1,1.0,1.0,26.0,0.03,126.0,137.0,96.0,3.0,1.0,1.0,3.3,mixed,"[""Cardio"", ""Chest""]",45,Female,192,66.8,maintenance,high,67
980e7e6d-80bb-4c5d-9405-bb8be41232a4,2025-04-16,8.0,5.0,67.0,58.2,0,0.0,0.0,19.0,0.13,105.0,138.0,101.0,1.0,1.0,4.0,3.2,mixed,"[""Cardio"", ""Chest""]",45,Female,192,66.8,maintenance,high,72
980e7e6d-80bb-4c5d-9405-bb8be41232a4,2025-04-17,10.0,4.0,61.0,65.8,1,7.0,5.0,20.0,0.04,136.0,134.0,98.0,2.0,3.0,1.0,2.2,mixed,"[""Cardio"", ""Chest""]",45,Female,192,66.8,maintenance,high,70
980e7e6d-80bb-4c5d-9405-bb8be41232a4,2025-04-18,7.0,5.0,52.0,57.7,0,0.0,0.0,29.0,0.14,119.0,115.0,96.0,1.0,4.0,5.0,2.7,mixed,"[""Cardio"", ""Chest""]",45,Female,192,66.8,maintenance,high,69
980e7e6d-80bb-4c5d-9405-bb8be41232a4,2025-04-19,8.0,5.0,55.0,66.4,0,0.0,0.0,14.0,-0.08,101.0,140.0,109.0,3.0,4.0,3.0,2.4,mixed,"[""Cardio"", ""Chest""]",45,Female,192,66.8,maintenance,high,70
980e7e6d-80bb-4c5d-9405-bb8be41232a4,2025-04-20,9.0,5.0,58.0,72.1,1,18.0,12.0,23.0,0.11,132.0,103.0,98.0,2.0,2.0,2.0,3.5,mixed,"[""Cardio"", ""Chest""]",45,Female,192,66.8,maintenance,high,68
980e7e6d-80bb-4c5d-9405-bb8be41232a4,2025-04-21,10.0,4.0,60.0,75.7,0,0.0,0.0,20.0,-0.14,119.0,120.0,100.0,4.0,3.0,4.0,2.2,mixed,"[""Cardio"", ""Chest""]",45,Female,192,66.8,maintenance,high,72
980e7e6d-80bb-4c5d-9405-bb8be41232a4,2025-04-22,8.0,4.0,62.0,70.3,1,9.0,5.0,7.0,0.04,126.0,111.0,98.0,3.0,4.0,5.0,2.8,mixed,"[""Cardio"", ""Chest""]",45,Female,192,66.8,maintenance,high,65
980e7e6d-80bb-4c5d-9405-bb8be41232a4,2025-04-23,7.0,5.0,54.0,60.9,0,0.0,0.0,12.0,0.16,138.0,92.0,120.0,1.0,5.0,2.0,4.0,mixed,"[""Cardio"", ""Chest""]",45,Female,192,66.8,maintenance,high,74
980e7e6d-80bb-4c5d-9405-bb8be41232a4,2025-04-24,9.0,4.0,63.0,67.0,1,12.0,3.0,18.0,-0.02,123.0,128.0,93.0,2.0,2.0,4.0,3.1,mixed,"[""Cardio"", ""Chest""]",45,Female,192,66.8,maintenance,high,71
980e7e6d-80bb-4c5d-9405-bb8be41232a4,2025-04-25,8.0,4.0,61.0,73.5,1,14.0,10.0,9.0,-0.05,111.0,141.0,99.0,4.0,3.0,3.0,3.7,mixed,"[""Cardio"", ""Chest""]",45,Female,192,66.8,maintenance,high,69
980e7e6d-80bb-4c5d-9405-bb8be41232a4,2025-04-26,10.0,5.0,57.0,77.9,0,0.0,0.0,27.0,-0.03,115.0,117.0,96.0,3.0,4.0,1.0,2.0,mixed,"[""Cardio"", ""Chest""]",45,Female,192,66.8,maintenance,high,73
980e7e6d-80bb-4c5d-9405-bb8be41232a4,2025-04-27,9.0,5.0,59.0,64.2,1,7.0,2.0,5.0,0.07,129.0,106.0,114.0,5.0,1.0,2.0,4.2,mixed,"[""Cardio"", ""Chest""]",45,Female,192,66.8,maintenance,high,67
980e7e6d-80bb-4c5d-9405-bb8be41232a4,2025-04-28,8.0,4.0,56.0,69.1,0,0.0,0.0,24.0,0.12,120.0,134.0,91.0,2.0,3.0,4.0,2.6,mixed,"[""Cardio"", ""Chest""]",45,Female,192,66.8,maintenance,high,70
7e821a21-973d-47fe-8766-17e6863838f0,2025-06-14,7.0,4.0,68.0,63.2,1,3.0,0.0,1.0,-0.01,144.0,147.0,80.0,1.0,5.0,4.0,4.2,mixed,"[""Cardio"", ""Chest""]",38,Male,187,85.3,bulking,high,68
7e821a21-973d-47fe-8766-17e6863838f0,2025-06-15,9.0,5.0,63.0,69.0,1,8.0,1.0,17.0,-0.01,143.0,80.0,92.0,4.0,4.0,1.0,2.8,mixed,"[""Cardio"", ""Chest""]",38,Male,187,85.3,bulking,high,61
7e821a21-973d-47fe-8766-17e6863838f0,2025-06-16,8.0,4.0,58.0,52.9,1,17.0,8.0,5.0,-0.05,132.0,99.0,115.0,1.0,1.0,4.0,3.6,mixed,"[""Cardio"", ""Chest""]",38,Male,187,85.3,bulking,high,69
7e821a21-973d-47fe-8766-17e6863838f0,2025-06-17,9.0,4.0,58.0,62.6,1,4.0,3.0,1.0,0.12,124.0,107.0,91.0,2.0,5.0,3.0,1.7,mixed,"[""Cardio"", ""Chest""]",38,Male,187,85.3,bulking,high,73
7e821a21-973d-47fe-8766-17e6863838f0,2025-06-18,9.0,5.0,67.0,77.8,1,6.0,1.0,25.0,0.1,120.0,108.0,107.0,4.0,4.0,2.0,4.5,mixed,"[""Cardio"", ""Chest""]",38,Male,187,85.3,bulking,high,70
7e821a21-973d-47fe-8766-17e6863838f0,2025-06-19,9.0,5.0,56.0,76.5,1,4.0,4.0,10.0,0.12,145.0,87.0,108.0,5.0,1.0,1.0,3.9,mixed,"[""Cardio"", ""Chest""]",38,Male,187,85.3,bulking,high,68
7e821a21-973d-47fe-8766-17e6863838f0,2025-06-20,8.0,5.0,70.0,55.6,1,6.0,6.0,28.0,-0.16,119.0,122.0,84.0,2.0,2.0,5.0,3.3,mixed,"[""Cardio"", ""Chest""]",38,Male,187,85.3,bulking,high,66
7e821a21-973d-47fe-8766-17e6863838f0,2025-06-21,9.0,4.0,65.0,52.8,0,0.0,0.0,29.0,-0.02,100.0,89.0,93.0,1.0,1.0,4.0,1.9,mixed,"[""Cardio"", ""Chest""]",38,Male,187,85.3,bulking,high,74
7e821a21-973d-47fe-8766-17e6863838f0,2025-06-22,9.0,4.0,60.0,72.8,1,10.0,8.0,30.0,-0.03,98.0,128.0,111.0,4.0,1.0,2.0,1.7,mixed,"[""Cardio"", ""Chest""]",38,Male,187,85.3,bulking,high,78
7e821a21-973d-47fe-8766-17e6863838f0,2025-06-23,10.0,5.0,63.0,59.2,0,0.0,0.0,0.0,-0.02,100.0,132.0,112.0,2.0,2.0,3.0,2.7,mixed,"[""Cardio"", ""Chest""]",38,Male,187,85.3,bulking,high,75
7e821a21-973d-47fe-8766-17e6863838f0,2025-06-24,8.0,4.0,66.0,60.7,1,12.0,4.0,14.0,-0.05,130.0,110.0,100.0,2.0,4.0,3.0,3.1,mixed,"[""Cardio"", ""Chest""]",38,Male,187,85.3,bulking,high,72
7e821a21-973d-47fe-8766-17e6863838f0,2025-06-25,9.0,5.0,62.0,75.2,0,0.0,0.0,25.0,0.09,118.0,135.0,108.0,3.0,4.0,2.0,3.4,mixed,"[""Cardio"", ""Chest""]",38,Male,187,85.3,bulking,high,74
7e821a21-973d-47fe-8766-17e6863838f0,2025-06-26,9.0,5.0,57.0,71.8,1,15.0,8.0,22.0,0.11,124.0,100.0,98.0,4.0,3.0,4.0,4.0,mixed,"[""Cardio"", ""Chest""]",38,Male,187,85.3,bulking,high,70
7e821a21-973d-47fe-8766-17e6863838f0,2025-06-27,8.0,4.0,65.0,58.3,0,0.0,0.0,18.0,-0.02,133.0,115.0,104.0,2.0,3.0,3.0,2.5,mixed,"[""Cardio"", ""Chest""]",38,Male,187,85.3,bulking,high,71
7e821a21-973d-47fe-8766-17e6863838f0,2025-06-28,7.0,4.0,68.0,63.9,1,6.0,5.0,7.0,-0.15,121.0,142.0,96.0,5.0,2.0,5.0,3.6,mixed,"[""Cardio"", ""Chest""]",38,Male,187,85.3,bulking,high,67
7e821a21-973d-47fe-8766-17e6863838f0,2025-06-29,9.0,5.0,60.0,70.6,1,18.0,11.0,26.0,0.14,140.0,108.0,102.0,3.0,4.0,2.0,3.0,mixed,"[""Cardio"", ""Chest""]",38,Male,187,85.3,bulking,high,75
7e821a21-973d-47fe-8766-17e6863838f0,2025-06-30,8.0,4.0,63.0,66.4,0,0.0,0.0,12.0,0.03,126.0,120.0,110.0,2.0,3.0,4.0,2.2,mixed,"[""Cardio"", ""Chest""]",38,Male,187,85.3,bulking,high,73
7e821a21-973d-47fe-8766-17e6863838f0,2025-07-01,8.0,5.0,61.0,77.5,1,13.0,6.0,9.0,0.07,135.0,112.0,99.0,4.0,4.0,3.0,3.8,mixed,"[""Cardio"", ""Chest""]",38,Male,187,85.3,bulking,high,76
7e821a21-973d-47fe-8766-17e6863838f0,2025-07-02,9.0,5.0,58.0,74.9,0,0.0,0.0,27.0,-0.04,118.0,137.0,96.0,3.0,2.0,5.0,2.7,mixed,"[""Cardio"", ""Chest""]",38,Male,187,85.3,bulking,high,74
7e821a21-973d-47fe-8766-17e6863838f0,2025-07-03,8.0,4.0,66.0,61.3,1,10.0,4.0,5.0,0.05,129.0,125.0,103.0,2.0,4.0,2.0,3.3,mixed,"[""Cardio"", ""Chest""]",38,Male,187,85.3,bulking,high,72
1f96b312-1ee2-48c1-b367-983f18040ad5,2025-06-05,9.0,5.0,57.0,76.5,1,17.0,16.0,28.0,0.0,96.0,147.0,90.0,1.0,5.0,5.0,4.3,cardio,"[""Cardio""]",28,Male,199,79.0,bulking,low,60
1f96b312-1ee2-48c1-b367-983f18040ad5,2025-06-06,9.0,5.0,64.0,60.8,0,0.0,0.0,0.0,-0.15,123.0,148.0,84.0,3.0,5.0,2.0,2.1,cardio,"[""Cardio""]",28,Male,199,79.0,bulking,low,78
1f96b312-1ee2-48c1-b367-983f18040ad5,2025-06-07,9.0,5.0,60.0,50.4,1,17.0,17.0,8.0,0.14,128.0,150.0,95.0,4.0,2.0,5.0,2.6,cardio,"[""Cardio""]",28,Male,199,79.0,bulking,low,76
1f96b312-1ee2-48c1-b367-983f18040ad5,2025-06-08,7.0,5.0,68.0,65.9,0,0.0,0.0,25.0,0.08,133.0,121.0,108.0,3.0,3.0,5.0,2.0,cardio,"[""Cardio""]",28,Male,199,79.0,bulking,low,60
1f96b312-1ee2-48c1-b367-983f18040ad5,2025-06-09,10.0,5.0,50.0,69.2,0,0.0,0.0,5.0,0.07,103.0,109.0,107.0,4.0,5.0,2.0,2.6,cardio,"[""Cardio""]",28,Male,199,79.0,bulking,low,70
1f96b312-1ee2-48c1-b367-983f18040ad5,2025-06-10,7.0,5.0,70.0,72.4,1,6.0,5.0,2.0,0.19,112.0,118.0,86.0,3.0,5.0,4.0,4.3,cardio,"[""Cardio""]",28,Male,199,79.0,bulking,low,66
1f96b312-1ee2-48c1-b367-983f18040ad5,2025-06-11,8.0,5.0,51.0,79.8,1,16.0,3.0,14.0,0.05,114.0,106.0,113.0,1.0,2.0,5.0,1.7,cardio,"[""Cardio""]",28,Male,199,79.0,bulking,low,77
1f96b312-1ee2-48c1-b367-983f18040ad5,2025-06-12,9.0,5.0,69.0,65.3,0,0.0,0.0,28.0,-0.03,92.0,92.0,83.0,2.0,1.0,1.0,3.1,cardio,"[""Cardio""]",28,Male,199,79.0,bulking,low,69
1f96b312-1ee2-48c1-b367-983f18040ad5,2025-06-13,8.0,4.0,68.0,67.1,1,8.0,3.0,6.0,0.07,135.0,131.0,102.0,5.0,2.0,3.0,3.3,cardio,"[""Cardio""]",28,Male,199,79.0,bulking,low,76
1f96b312-1ee2-48c1-b367-983f18040ad5,2025-06-14,8.0,4.0,68.0,63.2,0,0.0,0.0,27.0,-0.0,122.0,117.0,115.0,4.0,4.0,2.0,1.5,cardio,"[""Cardio""]",28,Male,199,79.0,bulking,low,69
1f96b312-1ee2-48c1-b367-983f18040ad5,2025-06-15,8.0,4.0,66.0,61.9,0,0.0,0.0,20.0,0.1,118.0,138.0,93.0,3.0,3.0,3.0,2.7,cardio,"[""Cardio""]",28,Male,199,79.0,bulking,low,71
1f96b312-1ee2-48c1-b367-983f18040ad5,2025-06-16,7.0,4.0,70.0,70.3,1,9.0,7.0,6.0,-0.08,128.0,150.0,94.0,2.0,2.0,5.0,3.8,cardio,"[""Cardio""]",28,Male,199,79.0,bulking,low,68
1f96b312-1ee2-48c1-b367-983f18040ad5,2025-06-17,9.0,5.0,52.0,78.8,0,0.0,0.0,23.0,0.05,111.0,131.0,107.0,5.0,3.0,2.0,2.4,cardio,"[""Cardio""]",28,Male,199,79.0,bulking,low,76
1f96b312-1ee2-48c1-b367-983f18040ad5,2025-06-18,8.0,5.0,54.0,65.7,1,17.0,12.0,17.0,0.11,120.0,122.0,99.0,4.0,4.0,3.0,3.2,cardio,"[""Cardio""]",28,Male,199,79.0,bulking,low,74
1f96b312-1ee2-48c1-b367-983f18040ad5,2025-06-19,9.0,4.0,60.0,72.1,0,0.0,0.0,26.0,-0.06,133.0,94.0,115.0,3.0,2.0,4.0,2.0,cardio,"[""Cardio""]",28,Male,199,79.0,bulking,low,72
1f96b312-1ee2-48c1-b367-983f18040ad5,2025-06-20,8.0,4.0,68.0,62.8,1,6.0,1.0,4.0,-0.02,127.0,144.0,108.0,2.0,4.0,2.0,3.5,cardio,"[""Cardio""]",28,Male,199,79.0,bulking,low,70
1f96b312-1ee2-48c1-b367-983f18040ad5,2025-06-21,7.0,4.0,71.0,60.2,1,11.0,8.0,14.0,0.09,135.0,102.0,103.0,4.0,3.0,4.0,3.9,cardio,"[""Cardio""]",28,Male,199,79.0,bulking,low,69
1f96b312-1ee2-48c1-b367-983f18040ad5,2025-06-22,8.0,5.0,59.0,75.4,0,0.0,0.0,11.0,0.01,109.0,127.0,98.0,3.0,5.0,1.0,2.3,cardio,"[""Cardio""]",28,Male,199,79.0,bulking,low,74
1f96b312-1ee2-48c1-b367-983f18040ad5,2025-06-23,9.0,5.0,55.0,70.9,1,14.0,4.0,21.0,0.13,118.0,119.0,100.0,2.0,3.0,3.0,3.1,cardio,"[""Cardio""]",28,Male,199,79.0,bulking,low,73
1f96b312-1ee2-48c1-b367-983f18040ad5,2025-06-24,8.0,4.0,63.0,64.0,0,0.0,0.0,18.0,-0.04,125.0,117.0,112.0,3.0,4.0,2.0,2.6,cardio,"[""Cardio""]",28,Male,199,79.0,bulking,low,71
beb17c3e-a95b-4b5d-a7a3-fc8762607b34,2025-04-09,10.0,5.0,61.0,73.7,0,0.0,0.0,10.0,0.07,118.0,95.0,115.0,3.0,1.0,3.0,2.1,strength,"[""Chest"", ""Triceps""]",31,Male,187,87.2,cutting,high,76
beb17c3e-a95b-4b5d-a7a3-fc8762607b34,2025-04-10,10.0,4.0,66.0,58.9,1,2.0,2.0,23.0,0.19,130.0,128.0,116.0,2.0,5.0,2.0,1.9,strength,"[""Chest"", ""Triceps""]",31,Male,187,87.2,cutting,high,66
beb17c3e-a95b-4b5d-a7a3-fc8762607b34,2025-04-11,8.0,4.0,63.0,69.6,0,0.0,0.0,22.0,0.14,111.0,124.0,89.0,5.0,4.0,2.0,3.9,strength,"[""Chest"", ""Triceps""]",31,Male,187,87.2,cutting,high,71
beb17c3e-a95b-4b5d-a7a3-fc8762607b34,2025-04-12,7.0,4.0,58.0,66.1,0,0.0,0.0,4.0,0.06,90.0,147.0,100.0,1.0,1.0,3.0,4.0,strength,"[""Chest"", ""Triceps""]",31,Male,187,87.2,cutting,high,78
beb17c3e-a95b-4b5d-a7a3-fc8762607b34,2025-04-13,7.0,5.0,55.0,74.6,0,0.0,0.0,18.0,-0.18,134.0,130.0,113.0,3.0,5.0,4.0,3.9,strength,"[""Chest"", ""Triceps""]",31,Male,187,87.2,cutting,high,77
beb17c3e-a95b-4b5d-a7a3-fc8762607b34,2025-04-14,8.0,5.0,52.0,53.0,0,0.0,0.0,3.0,0.03,105.0,137.0,119.0,3.0,4.0,3.0,2.6,strength,"[""Chest"", ""Triceps""]",31,Male,187,87.2,cutting,high,61
beb17c3e-a95b-4b5d-a7a3-fc8762607b34,2025-04-15,7.0,4.0,61.0,56.7,0,0.0,0.0,16.0,-0.12,100.0,135.0,101.0,3.0,4.0,5.0,3.2,strength,"[""Chest"", ""Triceps""]",31,Male,187,87.2,cutting,high,75
beb17c3e-a95b-4b5d-a7a3-fc8762607b34,2025-04-16,10.0,5.0,61.0,65.1,1,7.0,7.0,23.0,-0.06,107.0,103.0,105.0,5.0,2.0,2.0,3.0,strength,"[""Chest"", ""Triceps""]",31,Male,187,87.2,cutting,high,68
beb17c3e-a95b-4b5d-a7a3-fc8762607b34,2025-04-17,9.0,5.0,69.0,79.1,0,0.0,0.0,27.0,-0.13,106.0,135.0,91.0,2.0,5.0,2.0,4.2,strength,"[""Chest"", ""Triceps""]",31,Male,187,87.2,cutting,high,65
beb17c3e-a95b-4b5d-a7a3-fc8762607b34,2025-04-18,7.0,5.0,69.0,68.5,1,7.0,5.0,1.0,0.07,105.0,137.0,80.0,4.0,2.0,5.0,2.9,strength,"[""Chest"", ""Triceps""]",31,Male,187,87.2,cutting,high,64
beb17c3e-a95b-4b5d-a7a3-fc8762607b34,2025-04-19,8.0,4.0,57.0,68.9,1,8.0,2.0,6.0,-0.1,118.0,123.0,96.0,3.0,4.0,3.0,2.5,strength,"[""Chest"", ""Triceps""]",31,Male,187,87.2,cutting,high,74
beb17c3e-a95b-4b5d-a7a3-fc8762607b34,2025-04-20,9.0,5.0,62.0,72.4,0,0.0,0.0,14.0,0.05,130.0,110.0,105.0,2.0,3.0,2.0,3.3,strength,"[""Chest"", ""Triceps""]",31,Male,187,87.2,cutting,high,72
beb17c3e-a95b-4b5d-a7a3-fc8762607b34,2025-04-21,7.0,4.0,64.0,66.1,1,14.0,9.0,11.0,0.14,111.0,135.0,91.0,4.0,5.0,4.0,3.9,strength,"[""Chest"", ""Triceps""]",31,Male,187,87.2,cutting,high,69
beb17c3e-a95b-4b5d-a7a3-fc8762607b34,2025-04-22,8.0,4.0,59.0,70.7,0,0.0,0.0,21.0,-0.06,122.0,99.0,107.0,3.0,2.0,3.0,2.1,strength,"[""Chest"", ""Triceps""]",31,Male,187,87.2,cutting,high,71
beb17c3e-a95b-4b5d-a7a3-fc8762607b34,2025-04-23,9.0,5.0,58.0,75.9,1,6.0,4.0,4.0,-0.02,116.0,117.0,100.0,2.0,4.0,2.0,3.7,strength,"[""Chest"", ""Triceps""]",31,Male,187,87.2,cutting,high,73
beb17c3e-a95b-4b5d-a7a3-fc8762607b34,2025-04-24,8.0,5.0,55.0,78.1,1,12.0,7.0,19.0,0.11,128.0,105.0,94.0,3.0,3.0,3.0,3.0,strength,"[""Chest"", ""Triceps""]",31,Male,187,87.2,cutting,high,75
beb17c3e-a95b-4b5d-a7a3-fc8762607b34,2025-04-25,7.0,4.0,66.0,68.8,0,0.0,0.0,12.0,-0.09,134.0,133.0,96.0,4.0,2.0,4.0,2.4,strength,"[""Chest"", ""Triceps""]",31,Male,187,87.2,cutting,high,70
beb17c3e-a95b-4b5d-a7a3-fc8762607b34,2025-04-26,8.0,4.0,61.0,63.7,1,10.0,5.0,8.0,0.06,120.0,122.0,98.0,3.0,3.0,5.0,3.2,strength,"[""Chest"", ""Triceps""]",31,Male,187,87.2,cutting,high,72
beb17c3e-a95b-4b5d-a7a3-fc8762607b34,2025-04-27,9.0,5.0,60.0,74.3,0,0.0,0.0,17.0,-0.04,125.0,109.0,101.0,2.0,4.0,3.0,2.6,strength,"[""Chest"", ""Triceps""]",31,Male,187,87.2,cutting,high,74
beb17c3e-a95b-4b5d-a7a3-fc8762607b34,2025-04-28,8.0,4.0,63.0,70.5,1,5.0,2.0,5.0,0.08,118.0,116.0,99.0,4.0,3.0,2.0,3.4,strength,"[""Chest"", ""Triceps""]",31,Male,187,87.2,cutting,high,73
e8f7a6b5-9d0e-1f2a-3b4c-5d6e7f8a9b0c,2025-06-12,6.0,3.0,52.0,66.7,1,14.0,12.0,5.0,0.02,148.0,80.0,113.0,5.0,2.0,5.0,2.4,mixed,"[""Chest"", ""Cardio""]",23,Female,170,68.0,bulking,moderate,74
e8f7a6b5-9d0e-1f2a-3b4c-5d6e7f8a9b0c,2025-06-13,9.0,5.0,60.0,53.7,1,4.0,1.0,19.0,0.08,136.0,94.0,97.0,5.0,4.0,3.0,3.2,mixed,"[""Chest"", ""Cardio""]",23,Female,170,68.0,bulking,moderate,61
e8f7a6b5-9d0e-1f2a-3b4c-5d6e7f8a9b0c,2025-06-14,8.0,5.0,61.0,57.8,1,0.0,0.0,16.0,0.12,130.0,81.0,80.0,4.0,1.0,2.0,3.8,mixed,"[""Chest"", ""Cardio""]",23,Female,170,68.0,bulking,moderate,75
e8f7a6b5-9d0e-1f2a-3b4c-5d6e7f8a9b0c,2025-06-15,6.0,3.0,51.0,51.9,0,0.0,0.0,5.0,-0.04,144.0,136.0,84.0,5.0,2.0,5.0,2.1,mixed,"[""Chest"", ""Cardio""]",23,Female,170,68.0,bulking,moderate,68
e8f7a6b5-9d0e-1f2a-3b4c-5d6e7f8a9b0c,2025-06-16,8.0,4.0,65.0,70.3,0,0.0,0.0,10.0,-0.05,90.0,130.0,98.0,1.0,5.0,5.0,3.3,mixed,"[""Chest"", ""Cardio""]",23,Female,170,68.0,bulking,moderate,77
e8f7a6b5-9d0e-1f2a-3b4c-5d6e7f8a9b0c,2025-06-17,7.0,5.0,59.0,52.8,0,0.0,0.0,0.0,0.2,100.0,100.0,117.0,5.0,4.0,5.0,2.6,mixed,"[""Chest"", ""Cardio""]",23,Female,170,68.0,bulking,moderate,64
e8f7a6b5-9d0e-1f2a-3b4c-5d6e7f8a9b0c,2025-06-18,9.0,5.0,54.0,75.8,1,20.0,7.0,24.0,-0.17,135.0,92.0,87.0,5.0,3.0,1.0,3.6,mixed,"[""Chest"", ""Cardio""]",23,Female,170,68.0,bulking,moderate,64
e8f7a6b5-9d0e-1f2a-3b4c-5d6e7f8a9b0c,2025-06-19,7.0,3.0,61.0,60.6,0,0.0,0.0,10.0,0.16,103.0,150.0,88.0,3.0,1.0,1.0,1.9,mixed,"[""Chest"", ""Cardio""]",23,Female,170,68.0,bulking,moderate,68
e8f7a6b5-9d0e-1f2a-3b4c-5d6e7f8a9b0c,2025-06-20,7.0,5.0,59.0,52.0,0,0.0,0.0,30.0,-0.11,140.0,134.0,108.0,1.0,3.0,4.0,4.4,mixed,"[""Chest"", ""Cardio""]",23,Female,170,68.0,bulking,moderate,65
e8f7a6b5-9d0e-1f2a-3b4c-5d6e7f8a9b0c,2025-06-21,8.0,5.0,53.0,63.6,0,0.0,0.0,27.0,-0.02,91.0,84.0,94.0,1.0,2.0,5.0,1.7,mixed,"[""Chest"", ""Cardio""]",23,Female,170,68.0,bulking,moderate,63
e8f7a6b5-9d0e-1f2a-3b4c-5d6e7f8a9b0c,2025-06-22,6.0,5.0,69.0,77.1,1,5.0,3.0,29.0,0.11,106.0,84.0,118.0,4.0,5.0,4.0,3.4,mixed,"[""Chest"", ""Cardio""]",23,Female,170,68.0,bulking,moderate,68
e8f7a6b5-9d0e-1f2a-3b4c-5d6e7f8a9b0c,2025-06-23,8.0,4.0,58.0,71.9,1,0.0,0.0,15.0,-0.13,120.0,121.0,120.0,4.0,3.0,2.0,1.9,mixed,"[""Chest"", ""Cardio""]",23,Female,170,68.0,bulking,moderate,66
e8f7a6b5-9d0e-1f2a-3b4c-5d6e7f8a9b0c,2025-06-24,8.0,3.0,65.0,59.0,1,10.0,1.0,24.0,-0.12,122.0,137.0,120.0,5.0,5.0,4.0,4.0,mixed,"[""Chest"", ""Cardio""]",23,Female,170,68.0,bulking,moderate,80
e8f7a6b5-9d0e-1f2a-3b4c-5d6e7f8a9b0c,2025-06-25,6.0,4.0,50.0,74.2,0,0.0,0.0,14.0,-0.0,140.0,126.0,112.0,1.0,4.0,5.0,3.0,mixed,"[""Chest"", ""Cardio""]",23,Female,170,68.0,bulking,moderate,78
e8f7a6b5-9d0e-1f2a-3b4c-5d6e7f8a9b0c,2025-06-26,6.0,3.0,54.0,60.5,0,0.0,0.0,12.0,0.08,147.0,127.0,93.0,4.0,4.0,1.0,2.2,mixed,"[""Chest"", ""Cardio""]",23,Female,170,68.0,bulking,moderate,63
e8f7a6b5-9d0e-1f2a-3b4c-5d6e7f8a9b0c,2025-06-27,9.0,5.0,56.0,79.8,0,0.0,0.0,29.0,0.09,133.0,97.0,112.0,5.0,4.0,4.0,4.3,mixed,"[""Chest"", ""Cardio""]",23,Female,170,68.0,bulking,moderate,78
e8f7a6b5-9d0e-1f2a-3b4c-5d6e7f8a9b0c,2025-06-28,9.0,3.0,61.0,59.3,0,0.0,0.0,11.0,-0.01,92.0,110.0,110.0,2.0,1.0,2.0,3.7,mixed,"[""Chest"", ""Cardio""]",23,Female,170,68.0,bulking,moderate,75
e8f7a6b5-9d0e-1f2a-3b4c-5d6e7f8a9b0c,2025-06-29,8.0,5.0,56.0,71.8,0,0.0,0.0,15.0,0.15,135.0,122.0,115.0,1.0,1.0,3.0,3.1,mixed,"[""Chest"", ""Cardio""]",23,Female,170,68.0,bulking,moderate,65
e8f7a6b5-9d0e-1f2a-3b4c-5d6e7f8a9b0c,2025-06-30,6.0,4.0,56.0,62.9,0,0.0,0.0,16.0,-0.07,131.0,143.0,87.0,1.0,1.0,4.0,4.3,mixed,"[""Chest"", ""Cardio""]",23,Female,170,68.0,bulking,moderate,78
f9a8b7c6-0e1f-2a3b-4c5d-6e7f8a9b0c1d,2025-06-11,9.0,3.0,67.0,58.9,0,0.0,0.0,20.0,-0.0,93.0,80.0,81.0,4.0,2.0,5.0,2.0,strength,"[""Chest"", ""Triceps""]",22,Female,160,55.0,maintenance,moderate,61
f9a8b7c6-0e1f-2a3b-4c5d-6e7f8a9b0c1d,2025-06-12,6.0,5.0,60.0,73.5,1,17.0,7.0,8.0,-0.02,150.0,103.0,96.0,2.0,5.0,4.0,2.6,strength,"[""Chest"", ""Triceps""]",22,Female,160,55.0,maintenance,moderate,72
f9a8b7c6-0e1f-2a3b-4c5d-6e7f8a9b0c1d,2025-06-13,7.0,4.0,57.0,79.4,1,4.0,3.0,1.0,0.07,97.0,111.0,103.0,3.0,4.0,2.0,3.1,strength,"[""Chest"", ""Triceps""]",22,Female,160,55.0,maintenance,moderate,70
f9a8b7c6-0e1f-2a3b-4c5d-6e7f8a9b0c1d,2025-06-14,6.0,5.0,53.0,60.0,1,19.0,4.0,9.0,-0.1,119.0,145.0,100.0,3.0,4.0,4.0,4.2,strength,"[""Chest"", ""Triceps""]",22,Female,160,55.0,maintenance,moderate,69
f9a8b7c6-0e1f-2a3b-4c5d-6e7f8a9b0c1d,2025-06-15,9.0,4.0,58.0,60.5,1,16.0,0.0,3.0,0.1,113.0,111.0,94.0,3.0,5.0,4.0,1.8,strength,"[""Chest"", ""Triceps""]",22,Female,160,55.0,maintenance,moderate,60
f9a8b7c6-0e1f-2a3b-4c5d-6e7f8a9b0c1d,2025-06-16,8.0,5.0,60.0,66.7,0,0.0,0.0,25.0,0.11,113.0,132.0,90.0,3.0,3.0,2.0,4.5,strength,"[""Chest"", ""Triceps""]",22,Female,160,55.0,maintenance,moderate,69
f9a8b7c6-0e1f-2a3b-4c5d-6e7f8a9b0c1d,2025-06-17,9.0,5.0,64.0,52.1,1,19.0,7.0,0.0,-0.01,133.0,116.0,110.0,1.0,2.0,3.0,1.5,strength,"[""Chest"", ""Triceps""]",22,Female,160,55.0,maintenance,moderate,80
f9a8b7c6-0e1f-2a3b-4c5d-6e7f8a9b0c1d,2025-06-18,9.0,4.0,63.0,59.3,0,0.0,0.0,6.0,-0.01,146.0,110.0,112.0,4.0,2.0,1.0,1.5,strength,"[""Chest"", ""Triceps""]",22,Female,160,55.0,maintenance,moderate,71
f9a8b7c6-0e1f-2a3b-4c5d-6e7f8a9b0c1d,2025-06-19,7.0,4.0,68.0,79.5,1,16.0,6.0,7.0,-0.19,127.0,86.0,88.0,2.0,4.0,2.0,2.6,strength,"[""Chest"", ""Triceps""]",22,Female,160,55.0,maintenance,moderate,78
f9a8b7c6-0e1f-2a3b-4c5d-6e7f8a9b0c1d,2025-06-20,6.0,3.0,69.0,77.8,1,4.0,4.0,10.0,-0.05,117.0,87.0,98.0,5.0,5.0,4.0,1.6,strength,"[""Chest"", ""Triceps""]",22,Female,160,55.0,maintenance,moderate,74
f9a8b7c6-0e1f-2a3b-4c5d-6e7f8a9b0c1d,2025-06-21,7.0,5.0,69.0,59.6,0,0.0,0.0,14.0,0.04,103.0,137.0,95.0,4.0,1.0,2.0,2.5,strength,"[""Chest"", ""Triceps""]",22,Female,160,55.0,maintenance,moderate,78
f9a8b7c6-0e1f-2a3b-4c5d-6e7f8a9b0c1d,2025-06-22,7.0,5.0,52.0,61.7,0,0.0,0.0,26.0,-0.03,100.0,113.0,92.0,4.0,3.0,4.0,2.9,strength,"[""Chest"", ""Triceps""]",22,Female,160,55.0,maintenance,moderate,77
f9a8b7c6-0e1f-2a3b-4c5d-6e7f8a9b0c1d,2025-06-23,7.0,3.0,58.0,67.6,0,0.0,0.0,15.0,-0.18,97.0,95.0,91.0,5.0,1.0,1.0,2.0,strength,"[""Chest"", ""Triceps""]",22,Female,160,55.0,maintenance,moderate,64
f9a8b7c6-0e1f-2a3b-4c5d-6e7f8a9b0c1d,2025-06-24,9.0,3.0,50.0,69.4,1,16.0,11.0,2.0,0.01,102.0,140.0,82.0,3.0,4.0,5.0,2.7,strength,"[""Chest"", ""Triceps""]",22,Female,160,55.0,maintenance,moderate,79
f9a8b7c6-0e1f-2a3b-4c5d-6e7f8a9b0c1d,2025-06-25,8.0,4.0,69.0,50.2,1,8.0,3.0,27.0,0.07,102.0,109.0,102.0,1.0,5.0,1.0,2.9,strength,"[""Chest"", ""Triceps""]",22,Female,160,55.0,maintenance,moderate,63
f9a8b7c6-0e1f-2a3b-4c5d-6e7f8a9b0c1d,2025-06-26,9.0,4.0,50.0,55.6,1,15.0,11.0,10.0,0.04,100.0,86.0,100.0,3.0,2.0,5.0,4.0,strength,"[""Chest"", ""Triceps""]",22,Female,160,55.0,maintenance,moderate,71
f9a8b7c6-0e1f-2a3b-4c5d-6e7f8a9b0c1d,2025-06-27,7.0,4.0,63.0,62.1,0,0.0,0.0,7.0,-0.12,95.0,120.0,110.0,2.0,1.0,5.0,2.3,strength,"[""Chest"", ""Triceps""]",22,Female,160,55.0,maintenance,moderate,60
f9a8b7c6-0e1f-2a3b-4c5d-6e7f8a9b0c1d,2025-06-28,7.0,4.0,66.0,70.8,1,10.0,8.0,2.0,-0.12,98.0,90.0,113.0,2.0,4.0,2.0,4.2,strength,"[""Chest"", ""Triceps""]",22,Female,160,55.0,maintenance,moderate,70
f9a8b7c6-0e1f-2a3b-4c5d-6e7f8a9b0c1d,2025-06-29,9.0,5.0,61.0,52.1,1,4.0,0.0,6.0,-0.17,119.0,84.0,94.0,1.0,2.0,1.0,3.7,strength,"[""Chest"", ""Triceps""]",22,Female,160,55.0,maintenance,moderate,63
f9a8b7c6-0e1f-2a3b-4c5d-6e7f8a9b0c1d,2025-06-30,9.0,4.0,55.0,59.6,1,10.0,5.0,4.0,0.15,97.0,123.0,96.0,4.0,3.0,1.0,2.4,strength,"[""Chest"", ""Triceps""]",22,Female,160,55.0,maintenance,moderate,64
0a1b2c3d-4e5f-6a7b-8c9d-0e1f2a3b4c5d,2025-06-11,7.0,3.0,57.0,79.3,0,0.0,0.0,9.0,-0.17,115.0,97.0,116.0,1.0,4.0,4.0,1.5,cardio,"[""Cardio""]",24,Male,178,75.0,maintenance,moderate,63
0a1b2c3d-4e5f-6a7b-8c9d-0e1f2a3b4c5d,2025-06-12,7.0,3.0,55.0,70.2,1,15.0,6.0,30.0,-0.0,136.0,84.0,90.0,3.0,5.0,5.0,3.2,cardio,"[""Cardio""]",24,Male,178,75.0,maintenance,moderate,70
0a1b2c3d-4e5f-6a7b-8c9d-0e1f2a3b4c5d,2025-06-13,9.0,4.0,58.0,58.6,0,0.0,0.0,26.0,-0.01,137.0,85.0,110.0,1.0,5.0,3.0,3.5,cardio,"[""Cardio""]",24,Male,178,75.0,maintenance,moderate,66
0a1b2c3d-4e5f-6a7b-8c9d-0e1f2a3b4c5d,2025-06-14,6.0,3.0,62.0,60.1,1,5.0,3.0,27.0,-0.09,143.0,91.0,108.0,1.0,4.0,3.0,1.6,cardio,"[""Cardio""]",24,Male,178,75.0,maintenance,moderate,78
0a1b2c3d-4e5f-6a7b-8c9d-0e1f2a3b4c5d,2025-06-15,8.0,4.0,56.0,51.5,1,6.0,1.0,26.0,0.16,145.0,144.0,82.0,2.0,1.0,3.0,2.3,cardio,"[""Cardio""]",24,Male,178,75.0,maintenance,moderate,64
0a1b2c3d-4e5f-6a7b-8c9d-0e1f2a3b4c5d,2025-06-16,9.0,3.0,70.0,65.4,1,4.0,0.0,11.0,0.01,129.0,84.0,84.0,2.0,5.0,1.0,3.1,cardio,"[""Cardio""]",24,Male,178,75.0,maintenance,moderate,79
0a1b2c3d-4e5f-6a7b-8c9d-0e1f2a3b4c5d,2025-06-17,8.0,4.0,70.0,73.6,0,0.0,0.0,27.0,0.11,91.0,109.0,98.0,2.0,1.0,5.0,1.5,cardio,"[""Cardio""]",24,Male,178,75.0,maintenance,moderate,69
0a1b2c3d-4e5f-6a7b-8c9d-0e1f2a3b4c5d,2025-06-18,7.0,4.0,66.0,71.0,1,20.0,1.0,26.0,-0.02,110.0,137.0,112.0,4.0,5.0,4.0,1.6,cardio,"[""Cardio""]",24,Male,178,75.0,maintenance,moderate,70
0a1b2c3d-4e5f-6a7b-8c9d-0e1f2a3b4c5d,2025-06-19,9.0,3.0,70.0,58.7,1,10.0,3.0,6.0,-0.08,136.0,102.0,109.0,2.0,1.0,2.0,2.0,cardio,"[""Cardio""]",24,Male,178,75.0,maintenance,moderate,61
0a1b2c3d-4e5f-6a7b-8c9d-0e1f2a3b4c5d,2025-06-20,8.0,4.0,52.0,53.7,1,8.0,2.0,8.0,0.01,148.0,116.0,96.0,3.0,4.0,1.0,2.8,cardio,"[""Cardio""]",24,Male,178,75.0,maintenance,moderate,74
0a1b2c3d-4e5f-6a7b-8c9d-0e1f2a3b4c5d,2025-06-21,7.0,4.0,69.0,75.2,0,0.0,0.0,8.0,0.18,146.0,116.0,92.0,5.0,5.0,4.0,1.8,cardio,"[""Cardio""]",24,Male,178,75.0,maintenance,moderate,62
0a1b2c3d-4e5f-6a7b-8c9d-0e1f2a3b4c5d,2025-06-22,6.0,4.0,53.0,64.3,1,18.0,9.0,30.0,-0.16,124.0,111.0,111.0,3.0,4.0,4.0,3.9,cardio,"[""Cardio""]",24,Male,178,75.0,maintenance,moderate,70
0a1b2c3d-4e5f-6a7b-8c9d-0e1f2a3b4c5d,2025-06-23,9.0,3.0,65.0,77.6,0,0.0,0.0,14.0,0.09,92.0,112.0,85.0,2.0,5.0,3.0,2.5,cardio,"[""Cardio""]",24,Male,178,75.0,maintenance,moderate,76
0a1b2c3d-4e5f-6a7b-8c9d-0e1f2a3b4c5d,2025-06-24,8.0,4.0,69.0,70.7,1,13.0,8.0,7.0,0.04,109.0,138.0,88.0,1.0,4.0,4.0,4.1,cardio,"[""Cardio""]",24,Male,178,75.0,maintenance,moderate,76
0a1b2c3d-4e5f-6a7b-8c9d-0e1f2a3b4c5d,2025-06-25,9.0,5.0,57.0,79.0,0,0.0,0.0,21.0,-0.18,145.0,97.0,100.0,3.0,1.0,2.0,1.6,cardio,"[""Cardio""]",24,Male,178,75.0,maintenance,moderate,77
0a1b2c3d-4e5f-6a7b-8c9d-0e1f2a3b4c5d,2025-06-26,7.0,3.0,60.0,62.8,1,6.0,5.0,4.0,-0.01,96.0,89.0,103.0,3.0,5.0,1.0,2.4,cardio,"[""Cardio""]",24,Male,178,75.0,maintenance,moderate,62
0a1b2c3d-4e5f-6a7b-8c9d-0e1f2a3b4c5d,2025-06-27,6.0,3.0,69.0,63.9,1,9.0,0.0,14.0,-0.17,105.0,101.0,83.0,3.0,4.0,5.0,3.5,cardio,"[""Cardio""]",24,Male,178,75.0,maintenance,moderate,72
0a1b2c3d-4e5f-6a7b-8c9d-0e1f2a3b4c5d,2025-06-28,9.0,5.0,65.0,54.2,1,1.0,0.0,29.0,-0.05,126.0,149.0,100.0,1.0,5.0,4.0,2.4,cardio,"[""Cardio""]",24,Male,178,75.0,maintenance,moderate,62
0a1b2c3d-4e5f-6a7b-8c9d-0e1f2a3b4c5d,2025-06-29,9.0,3.0,50.0,72.8,1,20.0,14.0,15.0,-0.03,131.0,115.0,107.0,2.0,2.0,4.0,1.5,cardio,"[""Cardio""]",24,Male,178,75.0,maintenance,moderate,69
0a1b2c3d-4e5f-6a7b-8c9d-0e1f2a3b4c5d,2025-06-30,8.0,3.0,57.0,63.1,0,0.0,0.0,13.0,0.02,141.0,134.0,95.0,4.0,4.0,1.0,2.5,cardio,"[""Cardio""]",24,Male,178,75.0,maintenance,moderate,72
1b2c3d4e-5f6a-7b8c-9d0e-1f2a3b4c5d6e,2025-06-11,6.0,5.0,70.0,68.5,0,0.0,0.0,17.0,-0.07,103.0,128.0,104.0,5.0,4.0,3.0,1.7,mixed,"[""Back"", ""Legs""]",30,Male,182,85.0,maintenance,moderate,64
1b2c3d4e-5f6a-7b8c-9d0e-1f2a3b4c5d6e,2025-06-12,8.0,3.0,55.0,56.9,0,0.0,0.0,11.0,-0.01,91.0,119.0,114.0,1.0,4.0,4.0,2.9,mixed,"[""Back"", ""Legs""]",30,Male,182,85.0,maintenance,moderate,74
1b2c3d4e-5f6a-7b8c-9d0e-1f2a3b4c5d6e,2025-06-13,6.0,5.0,50.0,74.3,1,12.0,2.0,0.0,-0.1,136.0,141.0,109.0,3.0,3.0,3.0,1.7,mixed,"[""Back"", ""Legs""]",30,Male,182,85.0,maintenance,moderate,60
1b2c3d4e-5f6a-7b8c-9d0e-1f2a3b4c5d6e,2025-06-14,6.0,3.0,67.0,59.7,1,3.0,0.0,24.0,0.18,142.0,109.0,93.0,1.0,4.0,2.0,2.7,mixed,"[""Back"", ""Legs""]",30,Male,182,85.0,maintenance,moderate,69
1b2c3d4e-5f6a-7b8c-9d0e-1f2a3b4c5d6e,2025-06-15,6.0,5.0,57.0,65.7,1,17.0,10.0,0.0,0.1,135.0,127.0,100.0,5.0,1.0,5.0,2.0,mixed,"[""Back"", ""Legs""]",30,Male,182,85.0,maintenance,moderate,63
1b2c3d4e-5f6a-7b8c-9d0e-1f2a3b4c5d6e,2025-06-16,8.0,3.0,51.0,74.5,0,0.0,0.0,16.0,0.14,140.0,148.0,103.0,5.0,2.0,1.0,2.5,mixed,"[""Back"", ""Legs""]",30,Male,182,85.0,maintenance,moderate,79
1b2c3d4e-5f6a-7b8c-9d0e-1f2a3b4c5d6e,2025-06-17,6.0,5.0,56.0,59.0,1,8.0,6.0,27.0,0.15,143.0,149.0,86.0,5.0,3.0,5.0,2.5,mixed,"[""Back"", ""Legs""]",30,Male,182,85.0,maintenance,moderate,60
1b2c3d4e-5f6a-7b8c-9d0e-1f2a3b4c5d6e,2025-06-18,8.0,4.0,52.0,53.2,1,16.0,10.0,19.0,-0.12,140.0,117.0,81.0,5.0,3.0,5.0,2.8,mixed,"[""Back"", ""Legs""]",30,Male,182,85.0,maintenance,moderate,61
1b2c3d4e-5f6a-7b8c-9d0e-1f2a3b4c5d6e,2025-06-19,7.0,4.0,63.0,61.2,0,0.0,0.0,14.0,0.15,119.0,97.0,93.0,3.0,3.0,5.0,4.3,mixed,"[""Back"", ""Legs""]",30,Male,182,85.0,maintenance,moderate,63
1b2c3d4e-5f6a-7b8c-9d0e-1f2a3b4c5d6e,2025-06-20,6.0,4.0,63.0,61.2,0,0.0,0.0,5.0,0.03,97.0,130.0,85.0,1.0,4.0,3.0,4.0,mixed,"[""Back"", ""Legs""]",30,Male,182,85.0,maintenance,moderate,63
1b2c3d4e-5f6a-7b8c-9d0e-1f2a3b4c5d6e,2025-06-21,9.0,4.0,67.0,55.3,0,0.0,0.0,14.0,-0.15,122.0,143.0,85.0,5.0,4.0,5.0,3.1,mixed,"[""Back"", ""Legs""]",30,Male,182,85.0,maintenance,moderate,60
1b2c3d4e-5f6a-7b8c-9d0e-1f2a3b4c5d6e,2025-06-22,8.0,4.0,69.0,59.1,1,3.0,1.0,12.0,0.03,91.0,104.0,90.0,4.0,2.0,4.0,2.3,mixed,"[""Back"", ""Legs""]",30,Male,182,85.0,maintenance,moderate,71
1b2c3d4e-5f6a-7b8c-9d0e-1f2a3b4c5d6e,2025-06-23,9.0,4.0,61.0,78.8,1,11.0,5.0,11.0,-0.03,109.0,84.0,82.0,5.0,4.0,3.0,2.2,mixed,"[""Back"", ""Legs""]",30,Male,182,85.0,maintenance,moderate,79
1b2c3d4e-5f6a-7b8c-9d0e-1f2a3b4c5d6e,2025-06-24,9.0,3.0,51.0,79.2,1,19.0,9.0,11.0,0.18,95.0,89.0,99.0,2.0,4.0,5.0,2.9,mixed,"[""Back"", ""Legs""]",30,Male,182,85.0,maintenance,moderate,79
1b2c3d4e-5f6a-7b8c-9d0e-1f2a3b4c5d6e,2025-06-25,9.0,5.0,51.0,57.3,0,0.0,0.0,11.0,0.1,144.0,123.0,118.0,2.0,1.0,4.0,4.3,mixed,"[""Back"", ""Legs""]",30,Male,182,85.0,maintenance,moderate,77
1b2c3d4e-5f6a-7b8c-9d0e-1f2a3b4c5d6e,2025-06-26,7.0,5.0,59.0,52.1,0,0.0,0.0,30.0,0.17,127.0,89.0,115.0,3.0,4.0,2.0,3.5,mixed,"[""Back"", ""Legs""]",30,Male,182,85.0,maintenance,moderate,69
1b2c3d4e-5f6a-7b8c-9d0e-1f2a3b4c5d6e,2025-06-27,8.0,4.0,60.0,68.3,1,0.0,0.0,0.0,0.05,113.0,148.0,93.0,1.0,5.0,1.0,2.3,mixed,"[""Back"", ""Legs""]",30,Male,182,85.0,maintenance,moderate,60
1b2c3d4e-5f6a-7b8c-9d0e-1f2a3b4c5d6e,2025-06-28,8.0,4.0,56.0,51.4,1,0.0,0.0,12.0,0.05,98.0,110.0,110.0,1.0,2.0,3.0,1.9,mixed,"[""Back"", ""Legs""]",30,Male,182,85.0,maintenance,moderate,65
1b2c3d4e-5f6a-7b8c-9d0e-1f2a3b4c5d6e,2025-06-29,7.0,4.0,56.0,62.7,1,9.0,8.0,10.0,0.02,99.0,103.0,90.0,1.0,4.0,1.0,4.4,mixed,"[""Back"", ""Legs""]",30,Male,182,85.0,maintenance,moderate,61
1b2c3d4e-5f6a-7b8c-9d0e-1f2a3b4c5d6e,2025-06-30,6.0,3.0,65.0,74.8,0,0.0,0.0,3.0,0.05,100.0,117.0,90.0,4.0,1.0,1.0,2.3,mixed,"[""Back"", ""Legs""]",30,Male,182,85.0,maintenance,moderate,64
2c3d4e5f-6a7b-8c9d-0e1f-2a3b4c5d6e7f,2025-06-11,9.0,4.0,59.0,61.5,1,13.0,0.0,1.0,-0.12,105.0,146.0,96.0,5.0,5.0,3.0,3.4,strength,"[""Back"", ""Biceps""]",28,Female,165,60.0,maintenance,high,72
2c3d4e5f-6a7b-8c9d-0e1f-2a3b4c5d6e7f,2025-06-12,8.0,4.0,59.0,57.4,0,0.0,0.0,11.0,-0.08,122.0,122.0,90.0,4.0,4.0,1.0,4.3,strength,"[""Back"", ""Biceps""]",28,Female,165,60.0,maintenance,high,64
2c3d4e5f-6a7b-8c9d-0e1f-2a3b4c5d6e7f,2025-06-13,9.0,4.0,67.0,59.7,0,0.0,0.0,30.0,-0.19,99.0,84.0,83.0,3.0,5.0,3.0,3.6,strength,"[""Back"", ""Biceps""]",28,Female,165,60.0,maintenance,high,77
2c3d4e5f-6a7b-8c9d-0e1f-2a3b4c5d6e7f,2025-06-14,9.0,3.0,56.0,74.7,0,0.0,0.0,28.0,0.0,149.0,114.0,107.0,5.0,4.0,5.0,1.9,strength,"[""Back"", ""Biceps""]",28,Female,165,60.0,maintenance,high,65
2c3d4e5f-6a7b-8c9d-0e1f-2a3b4c5d6e7f,2025-06-15,6.0,5.0,64.0,51.4,1,2.0,0.0,9.0,0.2,136.0,134.0,93.0,3.0,5.0,2.0,4.3,strength,"[""Back"", ""Biceps""]",28,Female,165,60.0,maintenance,high,79
2c3d4e5f-6a7b-8c9d-0e1f-2a3b4c5d6e7f,2025-06-16,8.0,4.0,50.0,54.7,0,0.0,0.0,27.0,-0.08,99.0,143.0,91.0,5.0,5.0,1.0,2.9,strength,"[""Back"", ""Biceps""]",28,Female,165,60.0,maintenance,high,80
2c3d4e5f-6a7b-8c9d-0e1f-2a3b4c5d6e7f,2025-06-17,8.0,5.0,57.0,75.9,1,12.0,1.0,29.0,-0.02,133.0,128.0,97.0,4.0,5.0,2.0,3.2,strength,"[""Back"", ""Biceps""]",28,Female,165,60.0,maintenance,high,66
2c3d4e5f-6a7b-8c9d-0e1f-2a3b4c5d6e7f,2025-06-18,6.0,3.0,66.0,78.6,1,4.0,0.0,20.0,0.0,140.0,101.0,116.0,5.0,5.0,2.0,2.5,strength,"[""Back"", ""Biceps""]",28,Female,165,60.0,maintenance,high,63
2c3d4e5f-6a7b-8c9d-0e1f-2a3b4c5d6e7f,2025-06-19,7.0,5.0,53.0,51.9,1,8.0,3.0,23.0,-0.18,119.0,93.0,95.0,5.0,3.0,3.0,3.7,strength,"[""Back"", ""Biceps""]",28,Female,165,60.0,maintenance,high,73
2c3d4e5f-6a7b-8c9d-0e1f-2a3b4c5d6e7f,2025-06-20,8.0,5.0,60.0,78.1,0,0.0,0.0,10.0,-0.19,106.0,129.0,92.0,1.0,4.0,1.0,3.0,strength,"[""Back"", ""Biceps""]",28,Female,165,60.0,maintenance,high,65
2c3d4e5f-6a7b-8c9d-0e1f-2a3b4c5d6e7f,2025-06-21,7.0,3.0,65.0,78.8,0,0.0,0.0,24.0,0.16,150.0,80.0,118.0,2.0,1.0,1.0,3.0,strength,"[""Back"", ""Biceps""]",28,Female,165,60.0,maintenance,high,60
2c3d4e5f-6a7b-8c9d-0e1f-2a3b4c5d6e7f,2025-06-22,6.0,4.0,63.0,77.7,1,0.0,0.0,13.0,-0.17,142.0,86.0,118.0,5.0,4.0,5.0,3.9,strength,"[""Back"", ""Biceps""]",28,Female,165,60.0,maintenance,high,73
2c3d4e5f-6a7b-8c9d-0e1f-2a3b4c5d6e7f,2025-06-23,8.0,4.0,69.0,51.4,1,14.0,13.0,19.0,0.18,122.0,96.0,97.0,4.0,2.0,5.0,2.9,strength,"[""Back"", ""Biceps""]",28,Female,165,60.0,maintenance,high,60
2c3d4e5f-6a7b-8c9d-0e1f-2a3b4c5d6e7f,2025-06-24,7.0,4.0,61.0,69.7,1,13.0,13.0,19.0,0.18,113.0,119.0,91.0,4.0,3.0,4.0,2.2,strength,"[""Back"", ""Biceps""]",28,Female,165,60.0,maintenance,high,78
2c3d4e5f-6a7b-8c9d-0e1f-2a3b4c5d6e7f,2025-06-25,6.0,4.0,62.0,52.7,0,0.0,0.0,22.0,0.1,125.0,116.0,86.0,3.0,4.0,4.0,1.6,strength,"[""Back"", ""Biceps""]",28,Female,165,60.0,maintenance,high,63
2c3d4e5f-6a7b-8c9d-0e1f-2a3b4c5d6e7f,2025-06-26,6.0,3.0,51.0,66.2,1,1.0,0.0,3.0,0.14,144.0,129.0,83.0,3.0,2.0,5.0,4.4,strength,"[""Back"", ""Biceps""]",28,Female,165,60.0,maintenance,high,76
2c3d4e5f-6a7b-8c9d-0e1f-2a3b4c5d6e7f,2025-06-27,9.0,5.0,50.0,52.8,1,15.0,1.0,26.0,-0.02,137.0,83.0,88.0,5.0,5.0,3.0,3.1,strength,"[""Back"", ""Biceps""]",28,Female,165,60.0,maintenance,high,74
2c3d4e5f-6a7b-8c9d-0e1f-2a3b4c5d6e7f,2025-06-28,7.0,3.0,65.0,56.8,1,17.0,5.0,9.0,0.17,121.0,146.0,118.0,4.0,3.0,1.0,2.2,strength,"[""Back"", ""Biceps""]",28,Female,165,60.0,maintenance,high,80
2c3d4e5f-6a7b-8c9d-0e1f-2a3b4c5d6e7f,2025-06-29,9.0,4.0,56.0,50.6,1,15.0,7.0,25.0,-0.16,94.0,103.0,108.0,4.0,5.0,1.0,2.6,strength,"[""Back"", ""Biceps""]",28,Female,165,60.0,maintenance,high,72
2c3d4e5f-6a7b-8c9d-0e1f-2a3b4c5d6e7f,2025-06-30,8.0,5.0,50.0,66.5,0,0.0,0.0,22.0,-0.07,134.0,127.0,90.0,1.0,3.0,2.0,1.8,strength,"[""Back"", ""Biceps""]",28,Female,165,60.0,maintenance,high,80
3d4e5f6a-7b8c-9d0e-1f2a-3b4c5d6e7f8a,2025-06-11,7.0,4.0,66.0,69.4,0,0.0,0.0,27.0,0.2,111.0,95.0,118.0,1.0,3.0,3.0,1.6,strength,"[""Legs"", ""Quads""]",40,Female,170,70.0,maintenance,moderate,68
3d4e5f6a-7b8c-9d0e-1f2a-3b4c5d6e7f8a,2025-06-12,6.0,3.0,68.0,69.3,0,0.0,0.0,1.0,-0.05,126.0,91.0,105.0,4.0,5.0,2.0,3.8,strength,"[""Legs"", ""Quads""]",40,Female,170,70.0,maintenance,moderate,71
3d4e5f6a-7b8c-9d0e-1f2a-3b4c5d6e7f8a,2025-06-13,7.0,4.0,68.0,58.7,0,0.0,0.0,2.0,0.01,140.0,108.0,102.0,1.0,3.0,5.0,3.1,strength,"[""Legs"", ""Quads""]",40,Female,170,70.0,maintenance,moderate,76
3d4e5f6a-7b8c-9d0e-1f2a-3b4c5d6e7f8a,2025-06-14,6.0,4.0,56.0,51.9,1,12.0,6.0,9.0,-0.05,142.0,91.0,108.0,5.0,4.0,4.0,3.8,strength,"[""Legs"", ""Quads""]",40,Female,170,70.0,maintenance,moderate,72
3d4e5f6a-7b8c-9d0e-1f2a-3b4c5d6e7f8a,2025-06-15,7.0,5.0,59.0,58.7,1,18.0,16.0,20.0,-0.1,96.0,93.0,114.0,4.0,3.0,4.0,2.0,strength,"[""Legs"", ""Quads""]",40,Female,170,70.0,maintenance,moderate,71
3d4e5f6a-7b8c-9d0e-1f2a-3b4c5d6e7f8a,2025-06-16,7.0,3.0,58.0,79.6,1,5.0,1.0,15.0,0.02,135.0,130.0,91.0,1.0,2.0,3.0,1.8,strength,"[""Legs"", ""Quads""]",40,Female,170,70.0,maintenance,moderate,70
3d4e5f6a-7b8c-9d0e-1f2a-3b4c5d6e7f8a,2025-06-17,6.0,5.0,55.0,63.6,1,8.0,8.0,15.0,0.07,98.0,102.0,97.0,1.0,1.0,2.0,1.7,strength,"[""Legs"", ""Quads""]",40,Female,170,70.0,maintenance,moderate,72
3d4e5f6a-7b8c-9d0e-1f2a-3b4c5d6e7f8a,2025-06-18,8.0,3.0,68.0,60.8,0,0.0,0.0,9.0,-0.01,149.0,135.0,90.0,1.0,3.0,5.0,3.4,strength,"[""Legs"", ""Quads""]",40,Female,170,70.0,maintenance,moderate,78
3d4e5f6a-7b8c-9d0e-1f2a-3b4c5d6e7f8a,2025-06-19,6.0,5.0,60.0,59.3,0,0.0,0.0,11.0,0.09,111.0,104.0,104.0,5.0,2.0,2.0,3.3,strength,"[""Legs"", ""Quads""]",40,Female,170,70.0,maintenance,moderate,76
3d4e5f6a-7b8c-9d0e-1f2a-3b4c5d6e7f8a,2025-06-20,7.0,3.0,52.0,54.1,1,0.0,0.0,16.0,-0.2,122.0,135.0,102.0,5.0,2.0,1.0,2.8,strength,"[""Legs"", ""Quads""]",40,Female,170,70.0,maintenance,moderate,63
3d4e5f6a-7b8c-9d0e-1f2a-3b4c5d6e7f8a,2025-06-21,8.0,4.0,63.0,56.2,0,0.0,0.0,22.0,-0.17,105.0,141.0,91.0,5.0,2.0,5.0,1.7,strength,"[""Legs"", ""Quads""]",40,Female,170,70.0,maintenance,moderate,62
3d4e5f6a-7b8c-9d0e-1f2a-3b4c5d6e7f8a,2025-06-22,7.0,3.0,67.0,69.6,1,17.0,7.0,25.0,-0.09,117.0,114.0,113.0,4.0,5.0,5.0,3.6,strength,"[""Legs"", ""Quads""]",40,Female,170,70.0,maintenance,moderate,66
3d4e5f6a-7b8c-9d0e-1f2a-3b4c5d6e7f8a,2025-06-23,8.0,5.0,67.0,52.2,1,12.0,6.0,3.0,-0.14,105.0,86.0,113.0,5.0,1.0,3.0,4.2,strength,"[""Legs"", ""Quads""]",40,Female,170,70.0,maintenance,moderate,68
3d4e5f6a-7b8c-9d0e-1f2a-3b4c5d6e7f8a,2025-06-24,7.0,4.0,61.0,63.3,0,0.0,0.0,19.0,-0.03,121.0,95.0,94.0,5.0,4.0,1.0,1.7,strength,"[""Legs"", ""Quads""]",40,Female,170,70.0,maintenance,moderate,75
3d4e5f6a-7b8c-9d0e-1f2a-3b4c5d6e7f8a,2025-06-25,6.0,5.0,53.0,51.4,1,15.0,11.0,29.0,-0.18,112.0,120.0,106.0,1.0,4.0,2.0,3.9,strength,"[""Legs"", ""Quads""]",40,Female,170,70.0,maintenance,moderate,64
3d4e5f6a-7b8c-9d0e-1f2a-3b4c5d6e7f8a,2025-06-26,9.0,5.0,61.0,69.6,1,1.0,1.0,2.0,-0.11,150.0,106.0,100.0,4.0,3.0,1.0,2.1,strength,"[""Legs"", ""Quads""]",40,Female,170,70.0,maintenance,moderate,67
3d4e5f6a-7b8c-9d0e-1f2a-3b4c5d6e7f8a,2025-06-27,9.0,3.0,58.0,68.2,0,0.0,0.0,26.0,-0.06,131.0,135.0,104.0,4.0,5.0,4.0,3.3,strength,"[""Legs"", ""Quads""]",40,Female,170,70.0,maintenance,moderate,74
3d4e5f6a-7b8c-9d0e-1f2a-3b4c5d6e7f8a,2025-06-28,6.0,3.0,60.0,63.9,1,5.0,2.0,19.0,-0.2,96.0,141.0,81.0,4.0,1.0,4.0,2.7,strength,"[""Legs"", ""Quads""]",40,Female,170,70.0,maintenance,moderate,60
3d4e5f6a-7b8c-9d0e-1f2a-3b4c5d6e7f8a,2025-06-29,8.0,5.0,64.0,72.0,0,0.0,0.0,14.0,-0.12,106.0,149.0,106.0,2.0,1.0,3.0,3.5,strength,"[""Legs"", ""Quads""]",40,Female,170,70.0,maintenance,moderate,75
d4f2a980-4fd7-4cb9-b71c-cb35163767ad,2025-07-04,8.0,3.0,63.0,58.0,1,11.0,3.0,10.0,0.05,15000.0,26000.0,6500.0,3.0,3.0,4.0,3.3,Legs,[],25,Male,175,80.0,maintenance,moderate,65
b4c5d6e7f8a,2025-06-29,8.0,5.0,64.0,72.0,0,0.0,0.0,14.0,-0.12,106.0,149.0,106.0,2.0,1.0,3.0,3.5,strength,"[""Legs"", ""Quads""]",40,Female,170,70.0,maintenance,moderate,75
3d4e5f6a-7b8c-9d0e-1f2a-3b4c5d6e7f8a,2025-06-30,6.0,3.0,51.0,74.5,1,11.0,9.0,11.0,0.02,98.0,100.0,87.0,1.0,5.0,1.0,3.0,strength,"[""Legs"", ""Quads""]",40,Female,170,70.0,maintenance,moderate,79
29223aac-1e41-4f21-8bf0-fea232f0178f,2025-07-11,6.0,1.0,,,1,10.0,8.0,2.0,0.2,90.9090909090909,0.0,0.0,,,,,strength,"[""Quads"", ""Hamstrings"", ""Glutes"", ""Shoulders"", ""Legs""]",20,male,68,80.0,fat loss,high,72
29223aac-1e41-4f21-8bf0-fea232f0178f,2025-07-10,7.0,5.0,,,1,10.0,8.0,0.0,0.1,80.68181818181817,150.0,125.0,2.0,4.0,2.0,3.5,strength,"[""Back"", ""Triceps""]",20,male,68,80.0,fat loss,high,75
78416804-8beb-45c1-be5f-eb0310f508b7,2025-07-11,,,,,1,10.0,8.0,2.0,0.225,0.0,0.0,0.0,3.0,,,,strength,"[""Quads"", ""Hamstrings"", ""Glutes"", ""Shoulders"", ""Legs""]",20,male,177,77.0,fat loss,high,75
62de1a92-197b-4a7a-8109-597e92a88d8e,2025-07-11,4.0,3.0,120.0,20.0,1,60.0,40.0,0.0,0.1,82.84023668639054,156.25,161.29032258064515,4.0,5.0,4.0,2.3,strength,"[""Quads"", ""Hamstrings"", ""Glutes"", ""Shoulders"", ""Legs""]",20,male,160,77.0,fat loss,high,70
62de1a92-197b-4a7a-8109-597e92a88d8e,2025-07-15,7.916666666666667,5.0,54.0,88.0,1,18.0,1.0,22.0,0.1618589743589743,106.50887573964498,171.875,137.09677419354838,1.0,5.0,1.0,3.0,,[],20,male,160,77.0,fat loss,high,83
62de1a92-197b-4a7a-8109-597e92a88d8e,2025-07-12,7.666666666666667,4.0,55.0,85.0,1,20.0,2.0,25.0,0.0817307692307692,100.59171597633136,166.66666666666669,129.03225806451613,2.0,4.0,2.0,2.7,strength,[],20,male,160,77.0,fat loss,high,39
62de1a92-197b-4a7a-8109-597e92a88d8e,2025-07-13,7.583333333333333,3.0,57.0,82.0,0,,,,0.0016025641025641,94.67455621301777,156.25,120.96774193548389,3.0,3.0,3.0,2.3,strength,[],20,male,160,77.0,fat loss,high,65
62de1a92-197b-4a7a-8109-597e92a88d8e,2025-07-14,7.916666666666667,5.0,54.0,88.0,1,18.0,1.0,22.0,0.1618589743589743,106.50887573964498,171.875,137.09677419354838,1.0,5.0,1.0,3.0,,[],20,male,160,77.0,fat loss,high,83
62de1a92-197b-4a7a-8109-597e92a88d8e,2025-07-22,9.0,1.0,,88.0,1,20.0,10.0,5.0,-0.0384615384615384,106.50887573964498,171.875,98.0392156862745,3.0,3.0,2.0,3.2,strength,"[""Chest"", ""Biceps""]",20,male,160,77.0,fat loss,high,25
3331aee9-b86f-4356-b779-ca2f09f19c0c,2025-07-23,7.283333333333333,4.0,,,0,0.0,0.0,0.0,-0.04104334484081319,73.86363636363636,150.0,156.25,1.0,4.0,1.0,3.0,strength,[],20,male,177,80.0,fat loss,high,80
3331aee9-b86f-4356-b779-ca2f09f19c0c,2025-07-24,7.666666666666667,4.0,,,1,17.0,12.0,0.0,0.18910625239739165,73.86363636363636,175.0,187.5,1.0,2.0,1.0,2.6,strength,"[""Back"", ""Triceps""]",20,male,177,80.0,fat loss,high,90
